,0,1,2,3,4,5,6,7,8,9,10,11,12,13,14,15,16,17,18,19,20,21,22,23,24,25,26,27,28,29,30,31,32,33,34,35,36,37,38,39,40,41,42,43,44,45,46,47,48,49,50,51,52,53,54,55,56,57,58,59,60,61,62,63,64,65,66,67,68,69
0,,,,,,,,,,,,,,,,,,,,,,,,,,,,,,,,,,,,,,,,,0.0,0.0,0.0,0.0,0.0,0.0,0.0,0.0,0.0,0.0,0.0,0.0,0.0,0.0,0.0,0.0,0.0,0.0,0.0,0.0,0.0,0.0,0.0,0.0,0.0,0.0,0.0,0.0,0.0,0.0
1,,,,,,,,,,,,,,,,,,,,,,,,,,,,,,,,,,,,,,,,,0.0,0.0,0.0,0.0,0.0,0.0,0.0,0.0,0.0,0.0,0.0,0.0,0.0,0.0,0.0,0.0,0.0,0.0,0.0,0.0,0.0,0.0,0.0,0.0,0.0,0.0,0.0,0.0,0.0,0.0
2,,,,,,,,,,,,,,,,,,,,,,,,,,,,,,,,,,,,,,,,,0.0,0.0,0.0,0.0,0.0,0.0,0.0,0.0,0.0,0.0,0.0,0.0,0.0,0.0,0.0,0.0,0.0,0.0,0.0,0.0,0.0,0.0,0.0,0.0,0.0,0.0,0.0,0.0,0.0,0.0
3,,,,,,,,,,,,,,,,,,,,,,,,,,,,,,,,,,,,,,,,,0.0,0.0,0.0,0.0,0.0,0.0,0.0,0.0,0.0,0.0,0.0,0.0,0.0,0.0,0.0,0.0,0.0,0.0,0.0,0.0,0.0,0.0,0.0,0.0,0.0,0.0,0.0,0.0,0.0,0.0
4,,,,,,,,,,,,,,,,,,,,,,,,,,,,,,,,,,,,,,,,,0.0,0.0,0.0,0.0,0.0,0.0,0.0,0.0,0.0,0.0,0.0,0.0,0.0,0.0,0.0,0.0,0.0,0.0,0.0,0.0,0.0,0.0,0.0,0.0,0.0,0.0,0.0,0.0,0.0,0.0
5,,,,,,,,,,,,,,,,,,,,,,,,,,,,,,,,,,,,,,,,,0.0,0.0,0.0,0.0,0.0,0.0,0.0,0.0,0.0,0.0,0.0,0.0,0.0,0.0,0.0,0.0,0.0,0.0,0.0,0.0,0.0,0.0,0.0,0.0,0.0,0.0,0.0,0.0,0.0,0.0
6,,,,,,,,,,,,,,,,,,,,,,,,,,,,,,,,,,,,,,,,,0.0,0.0,0.0,0.0,0.0,0.0,0.0,0.0,0.0,0.0,0.0,0.0,0.0,0.0,0.0,0.0,0.0,0.0,0.0,0.0,0.0,0.0,0.0,0.0,0.0,0.0,0.0,0.0,0.0,0.0
7,,,,,,,,,,,,,,,,,,,,,,,,,,,,,,,,,,,,,,,,,0.0,0.0,0.0,0.0,0.0,0.0,0.0,0.0,0.0,0.0,0.0,0.0,0.0,0.0,0.0,0.0,0.0,0.0,0.0,0.0,0.0,0.0,0.0,0.0,0.0,0.0,0.0,0.0,0.0,0.0
8,,,,,,,,,,,,,,,,,,,,,,,,,,,,,,,,,,,,,,,,,0.0,0.0,0.0,0.0,0.0,0.0,0.0,0.0,0.0,0.0,0.0,0.0,0.0,0.0,0.0,0.0,0.0,0.0,0.0,0.0,0.0,0.0,0.0,0.0,0.0,0.0,0.0,0.0,0.0,0.0
9,,,,,,,,,,,,,,,,,,,,,,,,,,,,,,,,,,,,,,,,,0.0,0.0,0.0,0.0,0.0,0.0,0.0,0.0,0.0,0.0,0.0,0.0,0.0,0.0,0.0,0.0,0.0,0.0,0.0,0.0,0.0,0.0,0.0,0.0,0.0,0.0,0.0,0.0,0.0,0.0
10,,,,,,,,,,,,,,,,,,,,,,,,,,,,,,,,,,,,,,,,,0.0,0.0,0.0,0.0,0.0,3.665652899048367,0.0,0.0,0.0,0.0,0.0,0.0,0.0,0.0,0.0,0.0,0.0,0.0,0.0,0.0,0.0,0.0,0.0,0.0,0.0,0.0,0.0,0.0,0.0,0.0
11,,,,,,,,,,,,,,,,,,,,,,,,,,,,,,,,,,,,,,,,,0.0,0.0,0.0,0.0,0.0,7.331305798096734,0.0,0.0,0.0,0.0,0.0,0.0,0.0,0.0,0.0,0.0,0.0,0.0,0.0,0.0,0.0,0.0,0.0,0.0,0.0,0.0,0.0,0.0,0.0,0.0
12,,,,,,,,,,,,,,,,,,,,,,,,,,,,,,,,,,,,,,,,,0.0,3.62016184069416,0.0,0.0,0.0,10.9969586971451,0.0,0.0,0.0,0.0,0.0,0.0,0.0,0.0,0.0,0.0,0.0,3.556857926079969,0.0,0.0,0.0,0.0,0.0,0.0,0.0,0.0,0.0,0.0,0.0,0.0
13,,,,,,,,,,,,,,,,,,,,,,,,,,,,,,,,,,,,,,,,,0.0,3.62016184069416,0.0,0.0,0.0,21.993917394290204,0.0,0.0,0.0,0.0,6.845547603949632,0.0,3.807132094424912,0.0,0.0,0.0,0.0,3.556857926079969,0.0,0.0,0.0,0.0,0.0,0.0,0.0,0.0,0.0,0.0,0.0,0.0
14,,,,,,,,,,,,,,,,,,,,,,,,,,,,,,,,,,,,,,,,,0.0,3.62016184069416,0.0,0.0,0.0,21.993917394290204,3.5949173593197665,0.0,0.0,4.730593607305936,10.268321405924448,0.0,15.228528377699648,0.0,0.0,0.0,0.0,10.670573778239907,0.0,3.687937666436532,0.0,0.0,0.0,0.0,0.0,0.0,0.0,0.0,0.0,0.0
15,,,,,,,,,,,,,,,,,,,,,,,,,,,,,,,,,,,,,,,,,0.0,10.860485522082481,0.0,0.0,0.0,27.195816076670106,7.189834718639533,0.0,0.0,9.461187214611872,20.536642811848896,0.0,19.03566047212456,0.0,0.0,4.459348716842787,0.0,21.341147556479818,0.0,11.063812999309595,4.459348716842787,0.0,0.0,0.0,0.0,0.0,0.0,0.0,0.0,0.0
16,,,,,,,,,,,,,,,,,,,,,,,,,,,,,,,,,,,,,,,,,3.2023745277927684,18.1008092034708,0.0,0.0,0.0,33.16995198073782,14.379669437279066,0.0,0.0,9.461187214611872,20.536642811848896,5.797638368123566,19.03566047212456,0.0,0.0,4.459348716842787,0.0,21.341147556479818,0.0,18.43968833218266,4.459348716842787,0.0,0.0,6.566858883690568,0.0,0.0,0.0,0.0,0.0,0.0
17,,,,,,,,,,,,,,,,,,,,,,,,,,,,,,,,,,,,,,,,,3.2023745277927684,24.945330747179682,0.0,0.0,0.0,33.16995198073782,17.97458679659883,4.016703398677647,0.0,14.191780821917808,30.04134200645334,11.595276736247133,22.842792566549473,0.0,0.0,7.021673797574756,5.198616724303154,23.56570711472331,0.0,32.3961634209727,7.021673797574756,0.0,0.0,6.566858883690568,6.959931616625709,0.0,0.0,6.953544654979043,0.0,0.0
18,,,,,,,,,,,,,,,,,,,,,,,,,,,,,,,,,,,,,,,,,6.404749055585537,28.56549258787384,0.0,0.0,0.0,46.56081729753148,21.569504155918597,4.016703398677647,0.0,17.12219876975974,33.135331214635045,11.595276736247133,22.842792566549473,0.0,0.0,9.583998878306726,10.397233448606308,23.56570711472331,4.543006081668115,38.948111690160495,9.583998878306726,0.0,0.0,6.566858883690568,13.22828466414819,0.0,0.0,10.49547172660352,0.0,0.0
19,,,,,,,,,,,,,,,,,,,,,,,,,,,,,,,,,,,,,,,,,11.032928304677181,37.200320237728675,0.0,0.0,0.0,70.47344493224551,24.78614798300219,18.878791594303173,0.0,34.761215275292656,41.83769683460747,17.3929151043707,22.842792566549473,0.0,0.0,22.427716993864568,10.397233448606308,30.7973898991713,4.543006081668115,38.948111690160495,22.427716993864568,4.753251484571387,0.0,13.133717767381135,29.96659169486197,0.0,0.0,14.037398798227997,0.0,0.0
20,,,,,,,,,,,,,,,,,,,,,,,,,,,,,,,,,,,,,,,,,22.970003074147662,70.46122365176399,12.791474555864719,14.637728663774807,0.0,92.1670515450321,37.133482853595304,18.878791594303173,4.830595636327325,51.253692732476,67.52608844446155,17.3929151043707,28.85362210954276,6.909384623151093,2.77762955361724,27.097837930232767,26.995324482802065,35.69908991490207,9.08601216333623,54.55432337357532,27.097837930232767,16.986456803147174,2.086083621383588,38.34086852228274,36.97272558870871,7.926289742042432,0.0,24.532870524831516,0.0,13.8512672785055
21,,,,,,,,,,,,,,,,,,,,,,,,,,,,,,,,,,,,,,,,,46.72202658446207,100.92268390415457,28.302195456367073,28.198381614816952,2.746524588156041,100.99786299984142,54.92190462978691,25.263682662842072,13.018325250570221,74.46043130925133,89.92428769003392,24.82269059897407,28.85362210954276,31.10452189800275,21.376776008113012,35.21503234107169,51.0045738002073,43.674540803777575,20.571612705403965,72.50245132492053,35.21503234107169,25.414961242997716,29.544766230568527,42.83196656465766,45.64328339553708,28.517855776050034,2.746524588156041,40.444171475330265,14.784534401154563,25.104066091668674
22,,,,,,,,,,,,,,,,,,,,,,,,,,,,,,,,,,,,,,,,,49.03611620900789,127.59165084016178,35.6671359061156,42.641743810444915,5.493049176312082,131.8298206311056,86.63799754491411,36.54561013337746,26.30179300372066,106.47209683688824,102.83282262312129,49.27340738194404,28.85362210954276,54.02505462825251,42.03558248874932,58.565215390235615,73.10233729736221,79.72830546537156,37.71899328780083,87.75759982074855,58.565215390235615,40.862195412196726,51.138713771166735,56.807556761711474,62.71568215315418,38.5076279934333,5.493049176312082,62.92288405375336,42.8532515220643,48.66571232343779
23,,,,,,,,,,,,,,,,,,,,,,,,,,,,,,,,,,,,,,,,,67.13905885034366,161.39354409687152,66.24862994585664,91.73693107544456,21.364660791620597,154.69828654002072,111.01315575878965,55.14063678472772,45.29116847832109,124.17950563661987,157.74131580658474,77.21689282836911,34.86445165253604,103.38063264427831,81.50565399808428,130.18990027650764,109.470450476573,110.9834311745716,72.87099889982987,115.59136065824315,130.18990027650764,70.23386602761128,76.9440803786439,83.44512065527879,94.68556877916349,67.93319155071799,21.364660791620597,87.40083728807339,81.81179381793032,114.73299690457769
24,,,,,,,,,,,,,,,,,,,,,,,,,,,,,,,,,,,,,,,,,104.38102268083328,205.42033135810087,128.25785687525544,124.87898676730576,24.11118537977664,190.89721140358714,164.98106238618846,110.12911065687172,80.73811947821774,166.43944916361818,219.40758155268583,130.55687113487662,34.86445165253604,140.2295758704046,112.7924881306005,172.92997052561424,153.863124597253,132.60591583888277,128.9670021028148,154.7897354883264,172.92997052561424,93.17349631385561,111.16459947749152,117.36757600220513,142.70268088199904,105.64839955765186,24.11118537977664,119.48678235149961,127.72003017775688,157.97054476057994
25,,,,,,,,,,,,,,,,,,,,,,,,,,,,,,,,,,,,,,,,,148.48754526135332,274.78572655510914,172.02985805939485,179.6407386816505,26.5214532369195,260.94888301128503,235.83786442913163,172.43245192260989,101.32344787325123,214.38110888377935,268.29501818585555,196.28121489098083,43.0789786440977,190.63917050889012,152.6333700081149,215.00041795069245,243.11405283851408,206.88274107133,180.33147485353956,206.37664962361762,215.00041795069245,146.75033235130093,172.36958290900384,147.96874339296082,227.11787311054223,138.28417214157875,26.5214532369195,176.28589696477292,188.1320424473326,217.0587709522018
26,,,,,,,,,,,,,,,,,,,,,,,,,,,,,,,,,,,,,,,,,220.898270921736,352.3972831649679,204.4756524069794,268.05192515176316,45.82941310337103,323.25747493184986,314.82830652923826,218.30989910303012,158.73251401526048,263.5350041792689,333.6602721172911,298.33210657519857,31.657582360822964,265.4591132748159,245.77796058406486,288.36446434675923,341.5494911334562,286.479403536845,247.02232771094847,289.7304861223175,288.36446434675923,208.70307149918318,245.42138671357145,204.48866610792686,289.53127733456296,223.83428642100216,45.82941310337103,229.9990474297406,219.1126658155221,294.8288507559956
27,,,,,,,,,,,,,,,,,,,,,,,,,,,,,,,,,,,,,,,,,298.7080762218997,409.2758125764928,265.3954968888733,360.70960264343387,68.45256942263839,367.8995305634754,401.6652008639248,329.13471741437786,210.78262484143525,374.5185929380862,418.1709468523064,388.39680544445514,27.850450266398052,330.8738722174876,329.5494372119189,347.58056082743616,456.0586607240301,345.76664603203403,341.4023040176995,335.68978126694117,347.58056082743616,305.11467916713167,297.00396271797956,269.99805472533563,366.44703854057997,302.2496891096176,68.45256942263839,322.02298917715046,277.65536005504543,380.9152719251135
28,,,,,,,,,,,,,,,,,,,,,,,,,,,,,,,,,,,,,,,,,381.4405944240891,438.39333886532455,367.94163587969194,474.40314452160146,85.79205879403752,449.2341114181169,477.9332080664587,360.18977422398547,235.86908468928584,464.2426885048685,483.35208818853164,478.48845260649466,30.796298641849315,435.8721861203588,450.4683944842169,419.83952854746445,546.992783087989,424.6224925071091,408.48356794393897,442.3758847780329,419.83952854746445,370.39166446441425,401.1252837728091,351.5815513379681,409.6699709599777,401.82432912864823,85.79205879403752,413.8055462315736,335.6698291386256,446.3943018441125
29,,,,,,,,,,,,,,,,,,,,,,,,,,,,,,,,,,,,,,,,,478.35340644437014,464.8535197589492,414.62102263287426,632.3915872874758,111.89399531343214,487.69692753557433,528.8323757495165,423.8184753143422,284.07828358576745,557.2728648152803,543.7942953535817,561.624912813646,39.01181386683465,539.0386354348689,556.0533802568831,486.99820921848095,610.3638349084986,502.0957493894357,506.42965631583434,520.4582056357089,486.99820921848095,419.6809321401507,512.3219395989946,456.89646947094246,462.8826982668325,512.7141810013978,111.89399531343214,503.0762072579288,444.36036069111424,512.7632643866262
30,,,,,,,,,,,,,,,,,,,,,,,,,,,,,,,,,,,,,,,,,545.6833474771203,490.8657522769621,490.68911681835317,685.3119423500001,118.5478279558828,541.3739471797471,580.0845392044977,516.099943678766,311.9460070047341,608.5316654587247,585.6046341521036,664.5026414960093,45.64214744996647,611.6895710662151,619.2785724085459,520.957585612988,640.3045332152768,570.0896532691793,603.5500954410257,586.7875081893285,520.957585612988,534.8584928681076,621.9933869486525,542.3759202325673,511.4687056068399,576.1103645298189,118.5478279558828,589.7524251474149,533.7566642458205,574.2213178217273
31,,,,,,,,,,,,,,,,,,,,,,,,,,,,,,,,,,,,,,,,,614.1434992514835,516.8107787809686,523.428201953247,682.70256575,157.51462885542776,573.5935768758093,585.8941722103231,559.5659096106182,366.958594171181,660.7223443129263,609.7488728642331,682.70256575,56.457283159325485,674.2490554128829,673.0970671958171,557.8740613588077,671.7643343771056,595.9146539669601,640.790893627116,628.8735177966023,557.8740613588077,589.0889838398206,682.70256575,610.8861567750122,522.1731786012796,678.739680235861,157.51462885542776,660.5751750570264,642.6817688082369,660.1344978937523
32,,,,,,,,,,,,,,,,,,,,,,,,,,,,,,,,,,,,,,,,,644.28002705,502.41095191459385,554.8198942923673,644.28002705,213.8323811263048,580.7284085869177,587.5264346559053,562.2256988902435,414.75765437322485,644.28002705,634.3694659551821,644.28002705,73.28324841167777,644.28002705,644.28002705,585.4949839859486,644.28002705,607.0578693183038,644.28002705,643.0453761155809,585.4949839859486,610.8364978932391,644.28002705,644.28002705,524.7387388966885,644.28002705,213.8323811263048,644.28002705,644.28002705,644.28002705
33,,,,,,,,,,,,,,,,,,,,,,,,,,,,,,,,,,,,,,,,,648.7743750875,512.3872237157043,567.8826646590513,648.7743750875,225.8161302596434,584.2380986148358,587.0322171005798,565.0557262428187,451.1596032397053,648.7743750875,625.6484629991725,648.7743750875,83.71200068512677,648.7743750875,648.7743750875,600.0601605986462,648.7743750875,609.4904669832569,648.7743750875,624.9144092906914,600.0601605986462,601.0814138030681,648.7743750875,648.7743750875,522.8758467151448,648.7743750875,225.8161302596434,648.7743750875,648.7743750875,648.7743750875
34,,,,,,,,,,,,,,,,,,,,,,,,,,,,,,,,,,,,,,,,,623.5446017,506.9238482390837,580.8126186847102,623.5446017,262.3048006580185,584.2380986148358,587.8558725059977,567.7885587938738,503.7012590416535,623.5446017,614.896167746173,623.5446017,84.33150472526532,623.5446017,623.5446017,604.849462018501,623.5446017,606.5363035852964,623.5446017,623.5446017,604.849462018501,588.1122770431217,623.5446017,623.5446017,517.9365229541442,623.5446017,262.3048006580185,623.5446017,623.5446017,623.5446017
35,,,,,,,,,,,,,,,,,,,,,,,,,,,,,,,,,,,,,,,,,582.9029863175,500.83708357769655,582.9029863175,582.9029863175,282.29771176148984,576.0381308839995,582.4147856003992,562.3144191573201,537.7771752595153,582.9029863175,582.9029863175,582.9029863175,93.76593993261594,582.9029863175,582.9029863175,582.9029863175,582.9029863175,582.9029863175,582.9029863175,582.9029863175,582.9029863175,580.7194199325098,582.9029863175,582.9029863175,503.62668097214856,582.9029863175,282.29771176148984,582.9029863175,582.9029863175,582.9029863175
36,,,,,,,,,,,,,,,,,,,,,,,,,,,,,,,,,,,,,,,,,600.1949528225,473.2187853804592,592.2677930930168,600.1949528225,288.9603686898532,566.0553827531477,565.4823577930129,538.631545714732,561.9647677549949,600.1949528225,590.4739385775629,600.1949528225,93.43563478691064,600.1949528225,600.1949528225,588.9932928502643,600.1949528225,587.998932885473,600.1949528225,600.1949528225,588.9932928502643,584.1751760936961,600.1949528225,600.1949528225,482.31851780502774,600.1949528225,288.9603686898532,600.1949528225,600.1949528225,600.1949528225
37,,,,,,,,,,,,,,,,,,,,,,,,,,,,,,,,,,,,,,,,,574.2321956975,460.0651148420428,574.2321956975,574.2321956975,319.14771836244654,545.2302668310746,550.7021370902851,531.1608044195522,574.2321956975,574.2321956975,574.0306846722509,574.2321956975,99.0221500301571,574.2321956975,574.2321956975,574.2321956975,574.2321956975,574.2321956975,574.2321956975,574.2321956975,574.2321956975,574.2321956975,574.2321956975,574.2321956975,460.54916849875855,574.2321956975,319.14771836244654,574.2321956975,574.2321956975,574.2321956975
38,,,,,,,,,,,,,,,,,,,,,,,,,,,,,,,,,,,,,,,,,553.1447239024999,425.9846606141423,553.1447239024999,553.1447239024999,310.1749069917274,516.0584670196371,537.1921664702585,519.7307297881684,553.1447239024999,553.1447239024999,553.1447239024999,553.1447239024999,107.8630063019446,553.1447239024999,553.1447239024999,553.1447239024999,553.1447239024999,553.1447239024999,553.1447239024999,553.1447239024999,553.1447239024999,553.1447239024999,553.1447239024999,553.1447239024999,451.4244292048015,553.1447239024999,310.1749069917274,553.1447239024999,553.1447239024999,553.1447239024999
39,,,,,,,,,,,,,,,,,,,,,,,,,,,,,,,,,,,,,,,,,526.70391144875,419.73791937899426,526.70391144875,526.70391144875,306.9466443256852,501.0298070179779,505.0916026280073,457.07858730778474,526.70391144875,526.70391144875,526.70391144875,526.70391144875,113.1700616182745,526.70391144875,526.70391144875,526.70391144875,526.70391144875,526.70391144875,526.70391144875,526.70391144875,526.70391144875,526.70391144875,526.70391144875,526.70391144875,454.40910060904184,526.70391144875,306.9466443256852,526.70391144875,526.70391144875,526.70391144875
40,,,,,,,,,,,,,,,,,,,,,,,,,,,,,,,,,,,,,,,,,511.31850964625005,388.7045234507137,511.31850964625005,511.31850964625005,319.8802642892114,471.475262300582,497.7592417799072,421.8719469274941,511.31850964625005,511.31850964625005,511.31850964625005,511.31850964625005,113.95890225243807,511.31850964625005,511.31850964625005,511.31850964625005,508.755118352607,511.31850964625005,511.31850964625005,511.31850964625005,511.31850964625005,511.31850964625005,511.31850964625005,508.5151326559753,445.3088659882055,511.31850964625005,319.8802642892114,511.31850964625005,511.31850964625005,511.31850964625005
41,,,,,,,,,,,,,,,,,,,,,,,,,,,,,,,,,,,,,,,,,474.96421056500003,349.15018630392996,474.96421056500003,474.96421056500003,344.2585717811123,447.2609530449309,474.96421056500003,360.3577813515824,474.96421056500003,474.96421056500003,474.96421056500003,474.96421056500003,99.54283111946937,474.96421056500003,474.96421056500003,474.96421056500003,474.96421056500003,473.65112638748275,474.96421056500003,474.96421056500003,474.96421056500003,474.96421056500003,474.96421056500003,474.96421056500003,429.45959154707356,474.96421056500003,344.2585717811123,474.96421056500003,474.96421056500003,474.96421056500003
42,,,,,,,,,,,,,,,,,,,,,,,,,,,,,,,,,,,,,,,,,453.0543014374998,328.50402450181207,453.0543014374998,453.0543014374998,353.6524648846715,429.83112758287155,453.0543014374998,305.0101415733618,453.0543014374998,453.0543014374998,453.0543014374998,453.0543014374998,89.8320412147142,453.0543014374998,453.0543014374998,453.0543014374998,453.0543014374998,442.45958682965886,453.0543014374998,453.0543014374998,453.0543014374998,453.0543014374998,453.0543014374998,421.8361126073502,418.91729901196726,453.0543014374998,353.6524648846715,453.0543014374998,453.0543014374998,453.0543014374998
43,,,,,,,,,,,,,,,,,,,,,,,,,,,,,,,,,,,,,,,,,441.2193305374999,296.4648350068136,441.2193305374999,441.2193305374999,355.8507363890319,415.5981254986095,437.1724298405805,258.3928210333488,441.2193305374999,441.2193305374999,441.2193305374999,441.2193305374999,76.27333134585486,441.2193305374999,441.2193305374999,441.2193305374999,441.2193305374999,423.82723628728814,441.2193305374999,441.2193305374999,441.2193305374999,441.2193305374999,421.1096697821081,397.66164916882013,394.3621429838727,441.2193305374999,355.8507363890319,441.2193305374999,441.2193305374999,441.2193305374999
44,,,,,,,,,,,,,,,,,,,,,,,,,,,,,,,,,,,,,,,,,404.0342927412498,273.4714055701376,388.26913743794944,404.0342927412498,339.4302500216179,404.0342927412498,404.0342927412498,232.54376707139522,404.0342927412498,404.0342927412498,404.0342927412498,404.0342927412498,63.03042433674315,404.0342927412498,404.0342927412498,404.0342927412498,404.0342927412498,400.08387138938275,404.0342927412498,404.0342927412498,404.0342927412498,404.0342927412498,358.9436650782468,358.33684968844426,357.66517626581714,404.0342927412498,339.4302500216179,404.0342927412498,404.0342927412498,404.0342927412498
45,,,,,,,,,,,,,,,,,,,,,,,,,,,,,,,,,,,,,,,,,370.5672916775002,243.82427944948356,333.0781790433587,370.5672916775002,338.5636896057342,370.5672916775002,370.5672916775002,216.66341431809764,370.5672916775002,370.5672916775002,370.5672916775002,370.5672916775002,76.63904092647599,370.5672916775002,370.5672916775002,360.7333555202254,370.5672916775002,365.3926477653217,370.5672916775002,370.5672916775002,360.7333555202254,370.5672916775002,318.375572504574,330.5941734944506,329.17659423544427,370.5672916775002,338.5636896057342,370.5672916775002,370.5672916775002,370.5672916775002
46,,,,,,,,,,,,,,,,,,,,,,,,,,,,,,,,,,,,,,,,,377.7390390462499,223.22006050067625,309.0299491932451,377.7390390462499,326.32341266590527,367.13112600669956,377.7390390462499,188.91519518083075,377.7390390462499,377.7390390462499,377.7390390462499,377.7390390462499,76.63904092647599,377.7390390462499,377.7390390462499,340.59240827392904,373.46143578454877,351.95327965844723,377.7390390462499,377.7390390462499,340.59240827392904,377.7390390462499,313.2996017036772,320.9916541588105,288.63199871017736,377.7390390462499,326.32341266590527,377.7390390462499,377.7390390462499,377.7390390462499
47,,,,,,,,,,,,,,,,,,,,,,,,,,,,,,,,,,,,,,,,,378.5789647580943,205.37551233880575,243.4909826629417,386.11200160249996,303.6150053477706,348.5853955507523,386.11200160249996,186.2670581307523,386.11200160249996,386.11200160249996,386.11200160249996,386.11200160249996,89.79767839208503,386.11200160249996,349.48762794839456,315.9556581033469,367.28489586509477,327.7483063275268,385.7282863429602,342.7458237228942,315.9556581033469,354.778071494289,283.8823511269526,296.1539789447664,279.7987070813583,349.94385750962533,303.6150053477706,386.11200160249996,347.1082043040579,386.11200160249996
48,,,,,,,,,,,,,,,,,,,,,,,,,,,,,,,,,,,,,,,,,345.50453877824685,175.39895452768005,229.20987546698478,353.0143749949998,301.9749261422676,318.1693601249295,353.0143749949998,182.07451826246796,353.0143749949998,353.0143749949998,353.0143749949998,353.0143749949998,89.79767839208503,353.0143749949998,306.0954207245697,294.1141349716629,334.7014999378923,298.0770688698532,353.0143749949998,281.6047472070654,294.1141349716629,323.27078373043616,263.9150429796239,271.43948197883105,262.57549508499187,334.3937169442526,301.9749261422676,353.0143749949998,322.6161587565387,353.0143749949998
49,,,,,,,,,,,,,,,,,,,,,,,,,,,,,,,,,,,,,,,,,328.32253095480684,167.39490005860642,185.65029169264844,365.0852272699999,279.08301390039196,304.36853979921614,365.0852272699999,168.1754075135087,365.0852272699999,365.0852272699999,365.0852272699999,365.0852272699999,86.0750202111814,353.12541084868,276.6996799647316,296.80854546738107,322.35387729595647,283.29436096028087,327.29642694759565,249.46614331119244,296.80854546738107,324.0400044881003,284.47795253829287,251.87812806929838,236.8509493814388,351.78903141053866,279.08301390039196,365.0852272699999,323.74781144552065,365.0852272699999
50,,,,,,,,,,,,,,,,,,,,,,,,,,,,,,,,,,,,,,,,,312.5985808276596,158.2821583306968,170.79460515269818,335.3136396350001,279.3687814440384,258.79149492092876,335.3136396350001,171.2775302316698,335.3136396350001,335.3136396350001,335.3136396350001,335.3136396350001,93.26034140762911,322.0472864160449,240.00220826617326,279.5212581205706,325.89811442468726,289.086329933051,308.9564025135732,219.36207317833188,279.5212581205706,304.8382200324762,274.9078760575461,237.68821042473527,231.6748340103176,335.3136396350001,279.3687814440384,335.3136396350001,316.9258399390491,335.3136396350001
51,,,,,,,,,,,,,,,,,,,,,,,,,,,,,,,,,,,,,,,,,288.2105906614284,156.22238821575428,159.18482901069316,329.1828212600001,288.83101111261584,236.69489587302454,329.1828212600001,169.52093242734946,329.1828212600001,329.1828212600001,329.1828212600001,329.1828212600001,79.03684336205038,305.2218457245278,203.81506935757525,269.95094363064635,308.9636693138575,270.68441062066506,290.0323931537104,213.36997008818804,269.95094363064635,277.2370349806127,262.52153073365105,221.68509363761248,218.9480166601101,329.1828212600001,288.83101111261584,329.1828212600001,318.094113333434,329.1828212600001
52,,,,,,,,,,,,,,,,,,,,,,,,,,,,,,,,,,,,,,,,,267.06119232854405,142.16363842221295,159.18482901069316,331.1929687474999,282.8297765119604,224.76573839323603,331.1929687474999,157.97464347796733,331.1929687474999,331.1929687474999,331.1929687474999,331.1929687474999,64.85233529824386,285.478825274986,164.02666055076818,240.22817992866533,310.69367584901585,289.0185617119887,283.299779135568,206.89292287641229,240.22817992866533,265.3478178334318,266.0099046570138,193.81163061042716,210.2841780757945,331.1929687474999,282.8297765119604,331.1929687474999,287.5409245203958,331.1929687474999
53,,,,,,,,,,,,,,,,,,,,,,,,,,,,,,,,,,,,,,,,,244.60941552212557,129.3385517899914,162.88909792049432,314.1706250300001,276.6003769375194,215.0895037559529,314.1706250300001,146.47675381695916,314.1706250300001,314.1706250300001,314.1706250300001,314.1706250300001,50.317622684211564,240.88281875530197,148.57497741608717,275.4061829815504,314.1706250300001,270.48552334552255,266.6138520994884,191.21338638293454,275.4061829815504,250.5388300175894,253.96927552209448,184.22034980352797,194.3742462176141,314.1706250300001,276.6003769375194,314.1706250300001,289.59857743235165,314.1706250300001
54,,,,,,,,,,,,,,,,,,,,,,,,,,,,,,,,,,,,,,,,,244.60941552212557,106.38526780694585,162.87785938971527,332.2838404775,255.14162871139212,215.0895037559529,332.2838404775,128.97070194626818,332.2838404775,332.2838404775,266.65982780250005,332.2838404775,48.893581763495455,221.48244951622456,138.68048051128494,269.61054033261945,327.3706724513909,273.58924638323083,246.3194209711395,163.60186368280807,269.61054033261945,222.6602461414872,256.1757841320697,187.10868441799727,174.8313133336777,329.436251305865,255.14162871139212,332.2838404775,297.10942338183867,332.2838404775
55,,,,,,,,,,,,,,,,,,,,,,,,,,,,,,,,,,,,,,,,,246.5315077210547,97.56113781241018,163.10470277436627,310.8116085124998,233.46188565235246,195.00163858285887,310.8116085124998,122.82513652137092,310.8116085124998,310.8116085124998,226.26937635142346,310.8116085124998,41.7091408926152,192.99253791562043,125.00146391548373,289.52277588724223,310.8116085124998,264.13991841033413,202.38361880390633,160.25257724799513,289.52277588724223,194.15402689110343,249.291979099216,162.12563977586174,164.56178640227284,308.82948625956885,233.46188565235246,310.8116085124998,279.34258422137,310.8116085124998
56,,,,,,,,,,,,,,,,,,,,,,,,,,,,,,,,,,,,,,,,,251.6433267202827,86.71449927596457,172.81219662381,276.4448862874999,209.11573679185375,175.37019217964556,276.4448862874999,112.414189570347,276.4448862874999,276.4448862874999,191.0679766399143,276.4448862874999,32.9913768258745,163.71752193047615,122.90345566121408,276.4448862874999,276.4448862874999,252.9040554195189,206.9502857746272,137.07435808507915,276.4448862874999,187.24251456873097,235.72155359943133,167.74249831114983,160.78919139684396,276.4448862874999,209.11573679185375,276.4448862874999,276.4448862874999,276.4448862874999
57,,,,,,,,,,,,,,,,,,,,,,,,,,,,,,,,,,,,,,,,,252.5831238785561,74.72634294103854,167.55785284147404,319.5983224325,176.91742566877699,169.22760272662507,305.7418858131729,100.61665535575642,302.92904367150874,319.5983224325,177.74323335235803,300.89863060812434,32.9913768258745,152.7589136069663,98.16391563977338,319.5983224325,298.51162201904066,256.05568566868504,201.37581768952083,118.20206032914557,319.5983224325,208.05116770756626,233.8621198111282,190.3189199554101,152.566527638161,311.4643990829281,176.91742566877699,319.5983224325,266.4506613819475,319.5983224325
58,,,,,,,,,,,,,,,,,,,,,,,,,,,,,,,,,,,,,,,,,255.05271639294472,74.72634294103854,176.22956497979197,294.8642187124999,153.65173089163775,145.39986386711402,294.8642187124999,88.39962639684057,292.6738118093568,294.8642187124999,196.89135365310992,279.68592354611013,30.10430500267008,163.22384889907036,91.57132871876958,294.8642187124999,261.78925208647615,246.64144092706292,200.90954178903237,112.8965621975243,294.8642187124999,204.48996868419422,220.25902166191827,197.32059144782787,145.8092612284918,294.8642187124999,153.65173089163775,294.8642187124999,269.07561894045784,294.8642187124999
59,,,,,,,,,,,,,,,,,,,,,,,,,,,,,,,,,,,,,,,,,251.77056227461185,83.98608505889541,172.46820516873586,295.3688419250002,130.64072031552004,125.28465278734595,286.1677671407358,75.93604428917405,289.97171148947115,282.0000727866552,191.21011359818087,268.3813194543624,27.21723317946566,170.48730706388878,76.53035057390838,272.88568343800455,235.87984746042935,255.10265384492985,194.4824009153367,116.30457143576245,272.88568343800455,220.4374883031365,201.92037013271857,218.39535123543882,136.8557557010287,295.3688419250002,130.64072031552004,295.3688419250002,255.20560028399774,295.3688419250002
60,,,,,,,,,,,,,,,,,,,,,,,,,,,,,,,,,,,,,,,,,272.5840220366974,82.44141011208818,145.82646288326546,233.94739970162863,130.73717926787165,116.09809977608987,283.3479128557446,67.15838100048276,300.9198378235172,234.42328700991007,190.5369957933335,248.25087573982614,27.21723317946566,160.67033807488335,78.70625700661792,292.89243420721175,236.70574864036172,247.18889134967984,181.20193847443815,129.56238960905733,292.89243420721175,233.87619666851006,190.6653916710647,206.72206100188436,128.4664646689755,309.33209582375,130.73717926787165,309.33209582375,246.41450116242285,309.2456197366999
61,,,,,,,,,,,,,,,,,,,,,,,,,,,,,,,,,,,,,,,,,259.7953734805994,84.9612058986367,145.17890675319097,218.8346120486965,127.46714081770897,100.3918787470766,261.239713641549,54.500175368637855,291.57767262129533,185.4551164476009,194.5119272069901,232.2643411566218,30.28602002956393,153.95272203136372,91.08749413222267,297.6158990525,234.4110657294114,250.82281465024138,170.91137065433048,125.37686209983426,297.6158990525,236.41375307559892,176.66203952046092,207.60652256856935,110.13571236643223,297.6158990525,127.46714081770897,297.6158990525,241.58589547567917,283.85202898600835
62,,,,,,,,,,,,,,,,,,,,,,,,,,,,,,,,,,,,,,,,,276.4042202059934,102.30284673095993,145.17890675319097,211.990159472036,107.1010351966914,70.10487638328638,240.2721129568821,63.39699187724045,295.0402552255265,138.01680230342782,201.26380232037857,210.36959617890972,34.662263468017656,179.5726216840456,103.74342830607752,250.2975982596686,222.45009518968214,247.72167127721963,128.34196484659478,121.9166683764412,250.2975982596686,225.9002754637594,188.49806688354232,194.00509568430596,94.84580887775691,270.6376200494283,107.1010351966914,300.07040446249994,195.18657799331217,250.3219959997021
63,,,,,,,,,,,,,,,,,,,,,,,,,,,,,,,,,,,,,,,,,268.92374723175493,114.34526988446926,117.28305976517545,236.12789610527602,120.03144802515514,86.70421584726792,258.69881290670725,56.56962381149514,292.68083327,107.23658191588116,188.73627508806783,202.20198173857247,34.662263468017656,198.42792737781238,106.09164217137452,292.68083327,207.0437931957329,235.8572766047005,98.94722708241186,118.79569331521677,292.68083327,237.59405763116473,189.5362952547254,157.67331521974617,94.02302028094226,282.4887378196621,120.03144802515514,292.68083327,184.09549205880256,217.61377385282435
64,,,,,,,,,,,,,,,,,,,,,,,,,,,,,,,,,,,,,,,,,278.04592133557003,121.13393880447569,106.22236359284767,238.99423114468115,107.09782806162899,84.10665373691154,245.52648838444554,44.47959528487836,293.5955794743179,80.50865706343542,155.20742438019096,212.06607108948677,34.662263468017656,211.65329885134005,106.89082724238064,113.39603433342049,187.14175171225182,226.10645443463181,90.72319881000266,129.26341402775952,113.39603433342049,256.59094795807033,169.50787481976897,147.61592200085968,107.3634851765438,286.267505703013,107.09782806162899,303.12121713500005,162.81474326262514,187.19614628536573
65,,,,,,,,,,,,,,,,,,,,,,,,,,,,,,,,,,,,,,,,,281.7726669346983,130.7020296167475,85.51592303791375,243.67432283289517,85.97041630947508,89.34229486296462,224.90001988035277,44.24700932252722,288.4096498260767,60.05582848856276,114.86723452251778,197.9721736462825,37.277176644728584,261.34443454843154,94.32931244257128,0.0,167.87762020185266,212.3937965991323,83.74020624837458,118.06683656382528,0.0,231.66072420244788,173.33871078659604,133.83177556514585,100.20412576982537,282.9746885723052,85.97041630947508,315.9967026349998,132.67219731825838,171.0273845380057
66,,,,,,,,,,,,,,,,,,,,,,,,,,,,,,,,,,,,,,,,,265.39590364194845,124.1729868024579,68.14602496751577,240.00026511528498,83.84130068884464,103.65856784181015,208.76227939487842,36.16045152393408,255.60552028770303,57.827821389854776,86.68310837584983,186.55068258211543,37.277176644728584,244.4360653287158,90.97988752761907,0.0,153.8085476397492,197.75793772603188,76.44016311505393,108.56881573573257,0.0,222.57940994138178,153.11165250985653,129.02537474045363,80.06659482924186,238.16730117574593,83.84130068884464,299.2144417827912,116.10814550951073,133.67310278557372
67,,,,,,,,,,,,,,,,,,,,,,,,,,,,,,,,,,,,,,,,,240.830393380508,118.54274069833308,46.11796933215291,225.92295461681636,68.32993020390802,102.87046905295598,183.1403298650108,30.70433197766971,230.11161981631878,56.92272072316166,59.69588812441059,173.89778421471834,37.277176644728584,228.16118493477688,77.30706455327716,0.0,180.05481933578454,195.1561865265334,80.45350424555134,100.37057957465382,0.0,198.2608407700298,135.7140817979429,139.05112419167088,78.45912171353183,220.90638437952663,68.32993020390802,265.1049112333954,107.02702461502602,119.57305905613852
68,,,,,,,,,,,,,,,,,,,,,,,,,,,,,,,,,,,,,,,,,198.04857597571072,104.6128485435479,45.947910572115546,227.16398604024846,35.14595263645919,114.57295571905182,130.22278949197712,29.171804453616126,191.81363683477716,39.95883716076688,50.10787212281382,147.7428363199812,37.25805422416052,230.06180300302657,64.18527902757594,0.0,182.33767600161215,172.16437823319126,73.2648744102387,93.11559412767933,0.0,146.0778843875329,118.08322289310142,131.53464168484018,66.87367957225203,197.69484130974425,35.14595263645919,213.9975114081206,115.69083699113715,111.7961129097599
69,,,,,,,,,,,,,,,,,,,,,,,,,,,,,,,,,,,,,,,,,166.36344528803122,96.15398429538124,51.0207052953206,184.2324855932062,29.32749493512897,107.02038659892719,94.82927655272843,29.171804453616126,151.70966253843616,36.34766403911258,32.02286803294229,124.59817246526208,31.574354197351326,193.15946206201193,60.83585411262374,0.0,173.01962965329605,164.88839439343454,71.75819684141887,78.6758029612383,0.0,124.25156989453552,90.6447350444905,136.27740627106385,61.77125736180427,164.71059968176442,29.32749493512897,170.81912653011042,109.54948747943695,101.74224216499508
70,,,,,,,,,,,,,,,,,,,,,,,,,,,,,,,,,,,,,,,,,134.3368770327319,82.64601226019134,34.91530249541652,123.23898823907466,20.84334545506194,110.77471270073049,70.37726950076211,28.101445088251992,101.19695062963096,32.04016816283862,23.71755532904358,101.57120174164973,19.707945448793232,157.8776950315264,51.18255526464461,0.0,180.59734986496233,142.1809998147226,60.23560631676062,62.56562355789636,0.0,101.23493170760757,71.04054090811898,117.91777611344472,60.959524842219665,120.00529383065475,20.84334545506194,144.99871306576142,109.58221756669404,88.9636737263178
71,,,,,,,,,,,,,,,,,,,,,,,,,,,,,,,,,,,,,,,,,100.99011312432367,74.54659887184758,29.210956504619883,112.77427713214627,3.412424172617676,111.67909160413124,51.33868665994445,27.031085722887862,78.55593434819643,28.63777295325778,19.191308943006728,95.13435233151787,25.807274307853632,136.67479531664233,41.183933330469905,0.0,137.8393612218817,133.59233214976626,49.58659548063514,54.4400932409396,0.0,81.17872090682494,49.77853602420346,105.79568354490476,62.62370866269015,100.45570016969303,3.412424172617676,113.66105107710166,96.76705040506697,69.37923077373
72,,,,,,,,,,,,,,,,,,,,,,,,,,,,,,,,,,,,,,,,,86.10385283413521,62.96844827053473,23.50661051382325,112.77427713214627,0.0,88.48388658601641,44.623172164882334,8.09572063742713,49.50991464298532,26.92329238949329,19.191308943006728,72.0267852607802,19.00296601298722,92.86980696268455,11.707400664024847,0.0,119.4526456029112,119.42744246456971,48.83325669622521,35.85455189056417,0.0,63.32546982689804,16.48239336232882,80.58219261377945,59.08693290142878,77.60779507655981,0.0,94.7757797063885,83.45214519247033,47.547894420723864
73,,,,,,,,,,,,,,,,,,,,,,,,,,,,,,,,,,,,,,,,,65.9720197138959,49.391110430521856,23.50661051382325,96.06411986002294,0.0,93.03891654501987,37.90765766982021,7.025361272062999,41.68035396084741,19.980689853280907,11.989499781245446,68.57627331538771,15.953301583457018,72.60424025709374,5.853700332012424,0.0,94.52965432981435,100.15490576274978,44.42435423059135,24.045155269936625,0.0,55.68080423454968,16.48239336232882,48.961245691431785,51.8800401366335,66.57490192325815,0.0,88.92061791902333,71.52362168743234,47.27134402902409
74,,,,,,,,,,,,,,,,,,,,,,,,,,,,,,,,,,,,,,,,,57.485721788319296,53.72065888576347,16.886481996330158,90.65745772542061,0.0,90.91377856132144,37.90765766982021,5.955001906698868,33.47537983544183,6.804790419161677,9.991249817704539,65.35100533229819,15.953301583457018,56.18391421805177,5.853700332012424,0.0,79.73494758890511,93.90981051111486,34.42049128935198,9.76096752351289,0.0,35.1261166771733,6.686826686826686,29.990716963058833,30.81308627378753,16.27535803571793,0.0,63.14382461793357,52.1194608077339,56.2212714600836
75,,,,,,,,,,,,,,,,,,,,,,,,,,,,,,,,,,,,,,,,,55.79653192125133,53.72065888576347,10.095287866910548,66.47139609123532,0.0,74.97058599399811,18.131357806280405,0.0,15.914286323353965,3.4023952095808383,9.991249817704539,58.97711681734786,6.099328859060402,30.168934381936367,0.0,0.0,65.11431209297592,70.11012600094384,24.416628348112603,6.719243833997933,0.0,8.526873672804783,6.686826686826686,26.630337616378117,22.827136713558897,3.179446950382428,0.0,44.323376987233765,45.445643157807034,56.2212714600836
76,,,,,,,,,,,,,,,,,,,,,,,,,,,,,,,,,,,,,,,,,54.86051384262397,40.1433210457506,10.095287866910548,61.06473395663301,0.0,61.3054961169877,18.131357806280405,0.0,12.93840820232138,3.4023952095808383,7.992999854163632,62.417537553636365,0.0,23.37646056601274,0.0,0.0,51.761592362903265,57.307836220298285,10.003862941239369,10.078865750996899,0.0,5.010167114642982,6.686826686826686,20.114711366189585,11.143279172821272,0.0,0.0,58.36497817055631,20.475863065076805,56.2212714600836
77,,,,,,,,,,,,,,,,,,,,,,,,,,,,,,,,,,,,,,,,,54.86051384262397,33.35465212574416,5.047643933455274,49.39827198883638,0.0,54.39646882517524,10.878814683768244,0.0,11.392078596098726,0.0,7.992999854163632,62.52511393023586,0.0,20.030700122460498,0.0,0.0,31.286648475218865,36.9297202801351,3.535322777101096,13.438487667995865,0.0,0.0,6.686826686826686,16.809720608333762,7.428852781880848,6.668824369347929,0.0,59.44129351054423,17.025351711289318,42.566781110745595
78,,,,,,,,,,,,,,,,,,,,,,,,,,,,,,,,,,,,,,,,,44.81397848959287,26.565983205737723,5.047643933455274,37.731810021039735,0.0,42.932411574359314,7.252543122512162,0.0,9.845748989876071,0.0,1.998249963540908,46.14416350775534,0.0,20.31797996218824,0.0,0.0,20.797772129279334,19.18712722353841,0.0,13.438487667995865,0.0,0.0,6.686826686826686,16.90464288135198,0.0,12.755898098961083,0.0,59.97945118053819,22.728582435157154,35.739535936076585
79,,,,,,,,,,,,,,,,,,,,,,,,,,,,,,,,,,,,,,,,,48.37623067040175,12.988645365724848,0.0,32.32514788643742,0.0,38.37738161535585,0.0,0.0,8.299419383653417,0.0,0.0,29.398223464659807,0.0,10.468201090248336,0.0,0.0,13.889436323880343,19.18712722353841,0.0,13.438487667995865,0.0,0.0,6.686826686826686,13.599652123496158,0.0,12.755898098961083,0.0,59.97945118053819,19.27247500578683,25.92898161772107
80,,,,,,,,,,,,,,,,,,,,,,,,,,,,,,,,,,,,,,,,,34.70982432264362,12.988645365724848,0.0,26.91848575183511,0.0,33.82235165635238,0.0,0.0,8.299419383653417,0.0,0.0,29.398223464659807,0.0,10.468201090248336,0.0,0.0,6.981100518481352,9.363201610873396,0.0,17.068686583004904,0.0,0.0,6.686826686826686,13.599652123496158,0.0,18.84297182857424,0.0,53.76058912498024,22.60658579295884,22.94567247403457
81,,,,,,,,,,,,,,,,,,,,,,,,,,,,,,,,,,,,,,,,,27.71157359378065,12.988645365724848,0.0,26.91848575183511,0.0,33.82235165635238,0.0,0.0,8.299419383653417,3.400484901917567,0.0,25.48908833478336,0.0,13.957601453664449,0.0,0.0,6.981100518481352,9.363201610873396,0.0,17.068686583004904,0.0,0.0,6.686826686826686,10.199739092622119,0.0,18.84297182857424,0.0,41.32286501386433,24.975705729654663,13.995745042975066
82,,,,,,,,,,,,,,,,,,,,,,,,,,,,,,,,,,,,,,,,,17.4811657940766,12.988645365724848,0.0,26.91848575183511,0.0,33.82235165635238,0.0,0.0,8.299419383653417,6.800969803835134,0.0,22.048667598494855,0.0,13.957601453664449,0.0,0.0,0.0,9.363201610873396,0.0,24.32908441302299,0.0,0.0,6.686826686826686,6.799826061748079,0.0,18.84297182857424,0.0,41.32286501386433,24.975705729654663,13.995745042975066
83,,,,,,,,,,,,,,,,,,,,,,,,,,,,,,,,,,,,,,,,,21.298681422503915,12.988645365724848,0.0,26.91848575183511,0.0,33.82235165635238,0.0,0.0,6.224564537740063,6.800969803835134,0.0,22.048667598494855,0.0,13.957601453664449,0.0,0.0,0.0,6.242134407248931,0.0,31.86005924105114,0.0,0.0,6.686826686826686,6.799826061748079,0.0,21.88650869338081,0.0,35.10400295830637,24.975705729654663,13.995745042975066
84,,,,,,,,,,,,,,,,,,,,,,,,,,,,,,,,,,,,,,,,,24.415244731444467,4.329548455241616,0.0,26.91848575183511,0.0,33.82235165635238,0.0,0.0,4.1497096918267085,10.2014547057527,0.0,14.699111732329905,0.0,13.957601453664449,0.0,0.0,0.0,6.242134407248931,0.0,28.50043732405217,0.0,0.0,6.686826686826686,3.3999130308740395,0.0,21.88650869338081,0.0,35.10400295830637,24.975705729654663,6.997872521487533
85,,,,,,,,,,,,,,,,,,,,,,,,,,,,,,,,,,,,,,,,,38.514590129981244,4.329548455241616,0.0,26.91848575183511,0.0,33.82235165635238,0.0,0.0,2.0748548459133542,10.2014547057527,3.3957145059349467,11.2586909960414,0.0,13.957601453664449,0.0,0.0,0.0,6.242134407248931,0.0,25.14081540705321,0.0,0.0,6.686826686826686,3.3999130308740395,0.0,21.88650869338081,0.0,35.10400295830637,24.975705729654663,6.997872521487533
86,,,,,,,,,,,,,,,,,,,,,,,,,,,,,,,,,,,,,,,,,48.68082613819017,4.329548455241616,0.0,26.91848575183511,0.0,37.19064283463739,0.0,0.0,2.0748548459133542,13.601939607670268,6.7914290118698935,7.349555866164953,0.0,6.978800726832224,0.0,0.0,0.0,0.0,0.0,21.781193490054243,0.0,0.0,3.343413343413343,0.0,0.0,21.88650869338081,0.0,35.10400295830637,24.975705729654663,6.997872521487533
87,,,,,,,,,,,,,,,,,,,,,,,,,,,,,,,,,,,,,,,,,51.79738944713072,0.0,0.0,26.91848575183511,0.0,30.426172503366914,2.9060184583387496,0.0,0.0,10.2014547057527,13.582858023739787,0.0,0.0,3.489400363416112,0.0,0.0,0.0,0.0,0.0,21.781193490054243,0.0,3.4584323040380047,0.0,0.0,0.0,21.88650869338081,0.0,35.10400295830637,21.64159494248265,0.0
88,,,,,,,,,,,,,,,,,,,,,,,,,,,,,,,,,,,,,,,,,48.605994475840795,0.0,0.0,26.91848575183511,0.0,27.02999335038145,8.718055375016249,0.0,0.0,6.800969803835134,13.582858023739787,0.0,0.0,3.489400363416112,0.0,0.0,0.0,0.0,0.0,21.781193490054243,0.0,6.9168646080760094,0.0,0.0,0.0,15.799434963767661,0.0,35.10400295830637,14.973373368138628,0.0
89,,,,,,,,,,,,,,,,,,,,,,,,,,,,,,,,,,,,,,,,,48.605994475840795,0.0,0.0,26.91848575183511,0.0,30.39828452866646,11.624073833354998,0.0,0.0,6.800969803835134,13.582858023739787,0.0,0.0,0.0,0.0,0.0,0.0,3.191941801902629,0.0,21.781193490054243,0.0,6.9168646080760094,0.0,0.0,0.0,15.799434963767661,0.0,21.062401774983822,11.639262580966616,0.0
90,,,,,,,,,,,,,,,,,,,,,,,,,,,,,,,,,,,,,,,,,41.92717898609136,0.0,6.767667712535485,26.91848575183511,0.0,27.00210537568099,11.624073833354998,0.0,0.0,3.400484901917567,13.582858023739787,0.0,0.0,0.0,0.0,0.0,0.0,6.383883603805258,0.0,21.781193490054243,0.0,10.375296912114013,0.0,0.0,0.0,3.043536864806577,0.0,7.020800591661274,11.639262580966616,0.0
91,,,,,,,,,,,,,,,,,,,,,,,,,,,,,,,,,,,,,,,,,35.24836349634194,3.4197456087219864,10.151501568803228,26.91848575183511,0.0,20.237635044410514,11.624073833354998,0.0,0.0,3.400484901917567,13.582858023739787,0.0,0.0,0.0,0.0,0.0,0.0,6.383883603805258,0.0,18.150994575045203,0.0,10.375296912114013,0.0,0.0,0.0,3.043536864806577,0.0,0.0,11.639262580966616,0.0
92,,,,,,,,,,,,,,,,,,,,,,,,,,,,,,,,,,,,,,,,,35.24836349634194,3.4197456087219864,10.151501568803228,26.91848575183511,0.0,13.473164713140036,11.624073833354998,0.0,0.0,0.0,13.582858023739787,0.0,0.0,0.0,0.0,0.0,0.0,6.383883603805258,0.0,18.150994575045203,0.0,10.375296912114013,0.0,0.0,0.0,3.043536864806577,0.0,0.0,5.819631290483308,0.0
93,,,,,,,,,,,,,,,,,,,,,,,,,,,,,,,,,,,,,,,,,28.19869079707355,6.839491217443973,13.53533542507097,26.91848575183511,0.0,13.473164713140036,11.624073833354998,0.0,0.0,0.0,10.18714351780484,0.0,0.0,0.0,0.0,0.0,0.0,12.767767207610516,0.0,10.890596745027123,0.0,13.833729216152019,0.0,0.0,0.0,0.0,0.0,0.0,5.819631290483308,0.0
94,,,,,,,,,,,,,,,,,,,,,,,,,,,,,,,,,,,,,,,,,28.19869079707355,10.25923682616596,13.53533542507097,26.91848575183511,0.0,13.473164713140036,11.624073833354998,0.0,0.0,0.0,6.7914290118698935,0.0,0.0,0.0,0.0,0.0,0.0,12.767767207610516,0.0,0.0,0.0,13.833729216152019,0.0,0.0,0.0,0.0,0.0,0.0,5.819631290483308,0.0
95,,,,,,,,,,,,,,,,,,,,,,,,,,,,,,,,,,,,,,,,,14.099345398536775,13.678982434887946,13.53533542507097,26.91848575183511,0.0,10.104873534855027,11.624073833354998,0.0,0.0,0.0,0.0,0.0,0.0,0.0,0.0,0.0,0.0,12.767767207610516,0.0,0.0,0.0,10.375296912114013,0.0,0.0,0.0,0.0,0.0,0.0,0.0,0.0
