,40,41,42,43,44,45,46,47,48,49,50,51,52,53,54,55,56,57,58,59,60,61,62,63,64,65,66,67,68,69
0,0.0,0.0,0.0,0.0,0.0,0.0,0.0,0.0,0.0,0.0,0.0,0.0,0.0,0.0,0.0,0.0,0.0,0.0,0.0,0.0,0.0,0.0,0.0,0.0,0.0,0.0,0.0,0.0,0.0,0.0
1,0.0,0.0,0.0,0.0,0.0,0.0,0.0,0.0,0.0,0.0,0.0,0.0,0.0,0.0,0.0,0.0,0.0,0.0,0.0,0.0,0.0,0.0,0.0,0.0,0.0,0.0,0.0,0.0,0.0,0.0
2,0.0,0.0,0.0,0.0,0.0,0.0,0.0,0.0,0.0,0.0,0.0,0.0,0.0,0.0,0.0,0.0,0.0,0.0,0.0,0.0,0.0,0.0,0.0,0.0,0.0,0.0,0.0,0.0,0.0,0.0
3,0.0,0.0,0.0,0.0,0.0,0.0,0.0,0.0,0.0,0.0,0.0,0.0,0.0,0.0,0.0,0.0,0.0,0.0,0.0,0.0,0.0,0.0,0.0,0.0,0.0,0.0,0.0,0.0,0.0,0.0
4,0.0,0.0,0.0,0.0,0.0,0.0,0.0,0.0,0.0,0.0,0.0,0.0,0.0,0.0,0.0,0.0,0.0,0.0,0.0,0.0,0.0,0.0,0.0,0.0,0.0,0.0,0.0,0.0,0.0,0.0
5,0.0,0.0,0.0,0.0,0.0,0.0,0.0,0.0,0.0,0.0,0.0,0.0,0.0,0.0,0.0,0.0,0.0,0.0,0.0,0.0,0.0,0.0,0.0,0.0,0.0,0.0,0.0,0.0,0.0,0.0
6,0.0,0.0,0.0,0.0,0.0,0.0,0.0,0.0,0.0,0.0,0.0,0.0,0.0,0.0,0.0,0.0,0.0,0.0,0.0,0.0,0.0,0.0,0.0,0.0,0.0,0.0,0.0,0.0,0.0,0.0
7,0.0,0.0,0.0,0.0,0.0,0.0,0.0,0.0,0.0,0.0,0.0,0.0,0.0,0.0,0.0,0.0,0.0,0.0,0.0,0.0,0.0,0.0,0.0,0.0,0.0,0.0,0.0,0.0,0.0,0.0
8,0.0,0.0,0.0,0.0,0.0,0.0,0.0,0.0,0.0,0.0,0.0,0.0,0.0,0.0,0.0,0.0,0.0,0.0,0.0,0.0,0.0,0.0,0.0,0.0,0.0,0.0,0.0,0.0,0.0,0.0
9,0.0,0.0,0.0,0.0,0.0,0.0,0.0,0.0,0.0,0.0,0.0,0.0,0.0,0.0,0.0,0.0,0.0,0.0,0.0,0.0,0.0,0.0,0.0,0.0,0.0,0.0,0.0,0.0,0.0,0.0
10,0.0,0.0,0.0,0.0,0.0,0.0,0.0,0.0,0.0,0.0,0.0,0.0,0.0,0.0,0.0,0.0,0.0,0.0,0.0,0.0,0.0,0.0,0.0,0.0,0.0,0.0,0.0,0.0,0.0,0.0
11,0.0,0.0,0.0,0.0,0.0,0.0,1.7981348358266955,0.0,0.0,0.0,0.0,0.0,0.0,0.0,0.0,0.0,0.0,0.0,0.0,0.0,0.0,0.0,0.0,0.0,0.0,0.0,0.0,0.0,0.0,0.0
12,0.0,0.0,0.0,0.0,0.0,0.0,5.394404507480086,0.0,0.0,0.0,0.0,0.0,0.0,0.0,0.0,0.0,0.0,0.0,0.0,0.0,0.0,0.0,0.0,0.0,0.0,0.0,0.0,0.0,0.0,0.0
13,0.0,0.0,0.0,0.0,0.0,0.0,5.394404507480086,0.0,0.0,7.153323262839879,0.0,0.0,0.0,0.0,0.0,0.0,0.0,0.0,0.0,0.0,0.0,0.0,0.0,0.0,0.0,0.0,0.0,0.0,0.0,0.0
14,0.0,0.0,0.0,0.0,0.0,0.0,8.990674179133478,0.0,0.0,7.153323262839879,0.0,0.0,0.0,0.0,0.0,0.0,0.0,0.0,0.0,0.0,0.0,0.0,0.0,0.0,0.0,0.0,0.0,0.0,0.0,0.0
15,0.0,0.0,0.0,0.0,0.0,0.0,8.990674179133478,0.0,0.0,14.306646525679758,4.628903905862707,0.0,0.0,3.2571832979476296,0.0,0.0,0.0,0.0,0.0,0.0,0.0,0.0,0.0,0.0,0.0,0.0,0.0,0.0,0.0,0.0
16,0.0,8.775707320838377,0.0,0.0,0.0,0.0,8.990674179133478,0.0,0.0,14.306646525679758,9.257807811725414,0.0,0.0,3.2571832979476296,0.0,0.0,5.701198698102723,0.0,0.0,0.0,0.0,0.0,0.0,0.0,0.0,0.0,0.0,0.0,6.404749055585537,0.0
17,0.0,18.46892044677809,0.0,4.222480047814928,0.0,0.0,10.540495333962298,0.0,0.0,24.009884355010104,23.144519529313534,0.0,3.123662602637472,3.2571832979476296,0.0,6.419452207937395,5.701198698102723,0.0,4.556091058244463,0.0,6.419452207937395,8.618596928577578,0.0,3.229368405838994,0.0,0.0,0.0,0.0,6.404749055585537,0.0
18,0.0,21.34455147018332,4.4579599234719565,4.222480047814928,0.0,0.0,15.099997703018134,3.384428223844282,0.0,31.48341683674379,26.05822511306988,0.0,3.123662602637472,6.514366595895259,2.7381639232988286,6.419452207937395,5.701198698102723,0.0,4.556091058244463,12.645814337374194,6.419452207937395,19.919801747854684,0.0,9.04830600552965,0.0,0.0,0.0,0.0,22.516726576820894,0.0
19,0.0,38.687455080902424,4.4579599234719565,9.788819995221095,0.0,2.793798655931865,26.10133435646709,28.013889538316818,2.4152978181636624,52.14503206498256,37.71081940297705,16.498698293317904,6.6576460985114405,9.771549893842888,5.476327846597657,17.372079490058766,31.041678601568954,6.260227440555309,19.527921083014103,29.076953600093656,17.372079490058766,47.65901408601117,10.888652670741429,34.33404859471692,4.910204553334104,0.0,0.0,0.0,38.00124832306209,17.832138483918566
20,0.0,60.083154813857234,32.40018026247773,46.2871624232595,26.7899916955272,17.746120628609646,63.06493428737725,53.77739200184254,18.17422076260415,80.49155730150684,62.778618685265904,45.765795288314756,16.267325220493934,54.688934581550164,25.90288494681071,25.48590686168826,52.92542709850467,32.70875398609881,35.299675756995335,50.81242265951412,25.48590686168826,66.0301937832653,23.758121802803572,62.89580380768323,22.315830652995537,9.262037525378462,26.7899916955272,15.661943288562952,49.745875723458596,40.29036428404885
21,0.0,100.59967857520013,56.82491897390957,63.11158091263454,55.786965036376685,31.448240641233678,105.32098775714061,78.8073335520702,29.67843109990876,110.41895219595993,87.92482710537607,94.5710361533077,30.40325920398981,76.91357605083894,43.350331623702,90.81411202002265,70.50776508214315,50.114935444028184,64.17424613060142,81.7308074712179,90.81411202002265,91.12415220766663,46.397758756113504,87.14735627804814,51.31620508549704,39.666968619426335,55.786965036376685,28.92843939557543,89.35430496548015,65.29997735079174
22,0.0,141.27821592381974,80.9217724746365,105.67432702147313,118.58373660792509,53.53175662165331,174.386859116857,143.32829679059142,60.355267547445514,191.4023021497248,137.76697017335113,150.87079470386556,43.83789705804773,127.62410318646465,66.50110755302751,154.92950480191828,118.92464256018788,56.37516288458349,126.28489495462118,160.63434219027792,154.92950480191828,133.14418463472447,85.52240954189334,146.04060047750312,86.17195756004428,97.48563563847166,118.58373660792509,74.72766184749568,126.21127525163718,122.1208618605065
23,42.624615982458344,171.11617220406293,144.56084638154465,197.2128588487521,172.95110480420107,65.03472747638692,233.3350506169104,186.6977431105231,105.47083457631236,235.44417664949955,205.04431044121694,216.5306647900519,57.10090533293924,195.3413025903434,122.86133018029318,221.02623097064392,188.79047155009476,83.29289502456774,214.1054733103321,228.42176328996644,221.02623097064392,192.35935427059007,176.92137703553976,203.66812739618572,120.18093925798277,165.62341370793007,172.95110480420107,119.13555559334691,172.43654403701623,224.85814865262742
24,128.49827805324665,232.62316444771898,242.8763379467462,265.18138790538677,217.35153841791526,79.71761816706528,318.88750941054764,243.06102306699097,151.01526894358653,332.00157307955357,294.65326929076065,307.2063843601228,79.95894086987853,300.59544665899455,203.79281803859655,283.88798228084437,238.88966505523527,92.80444570662263,326.5821657203782,345.2229515713852,283.88798228084437,326.4013695735446,284.1142661240683,302.2631361093721,187.15136369960314,252.62552260733764,217.35153841791526,170.65983360296588,278.48429879635034,308.6258728716757
25,223.02594382533744,314.7933484001324,396.056023268839,399.93432163377474,306.8748962154208,97.19430751367553,443.78595707862985,352.1923551479478,234.63984474590154,423.04397353397786,422.6932693398101,393.0442093363912,108.74402265602195,440.58197361852496,321.7148953771194,356.5684405220185,353.70503740046195,104.6289084412956,476.3863656503486,471.40845167536145,356.5684405220185,432.83853767095735,425.16320649312564,439.55585232468644,235.18506786394667,371.6662834870093,306.8748962154208,316.7726408622953,357.55769988339256,408.6662115203364
26,398.54604564901894,444.5325813658803,547.0957816606117,542.5916395624635,439.5160794938803,123.23615496747234,600.303864595483,449.76352271358,295.2176910858656,554.564119936539,550.023487371338,474.963084026381,111.98703091569446,657.1108827522188,438.5957296391315,452.16575921325716,522.4535352681397,111.21035302341612,637.9128424849765,558.6580378022935,452.16575921325716,556.3195543292553,557.9297707839653,586.3211503664375,331.8700736812709,544.1345553347943,439.5160794938803,511.9489757567565,482.2812827553092,488.2082140788836
27,569.114150373758,556.0836377301775,699.4636427925669,702.8080906675433,573.8704501033214,149.45791427250595,744.9629989158364,560.1895517563921,376.9099065616745,682.6699129312184,692.6268989698159,593.9989252754143,112.06058482420676,852.5964877197013,563.024506164385,581.6306507511772,697.2221450404655,144.33572487174612,789.8864626145348,686.030700467929,581.6306507511772,723.0487962612898,711.0626610382692,733.0203521459605,462.3147179086918,750.4932940030722,573.8704501033214,743.788242670749,642.2417301882457,651.2743370250439
28,728.3900586638072,658.2072121799139,881.6314216329513,904.3459664163239,781.3098928492424,175.52162275937843,889.7648292003696,711.6091987518785,476.42141858840387,807.423542678158,831.8397743656271,750.7758664449183,115.25780133535653,1058.591698801509,712.6046124065464,774.8724254076053,855.8788448761392,164.25112282724123,971.5786895583044,793.6768241070489,774.8724254076053,840.0059627986336,835.4070786833425,923.942977519248,552.4910710098209,936.539859250424,781.3098928492424,1008.70307285995,792.2690771514895,829.6435346826972
29,932.5953129279814,767.2929199267062,1029.5422044525415,1054.714961747631,980.484415606831,213.85866109015691,1024.5679315103305,859.0875628683748,587.6582785280024,965.0342746034326,965.7501530991184,879.4666010771365,115.25780133535653,1194.3794097057455,801.4894650717464,921.9094199568523,1004.9951659210783,203.29973650218443,1114.830469231424,876.3248231595514,921.9094199568523,984.4478021428448,948.369166582665,1149.3130240423882,708.9945278283038,1147.1369916123915,980.484415606831,1171.1459332107925,936.2534455782985,961.9478352419305
30,1097.1107869697232,816.229660757093,1207.4731724369638,1152.0461840623198,1096.4546479323203,251.86261710018883,1096.3164390420006,962.0968154157631,674.0401873987697,1101.5600326573178,1028.039272292604,1054.2502647710344,127.6154997029413,1312.1250830495612,877.5591710169437,1069.7795016378627,1171.4688264912204,231.52561739979953,1268.2353962115203,993.9609106694729,1069.7795016378627,1100.816388911868,1083.8239915081224,1331.5874290386707,811.0213322053762,1316.6372672795756,1096.4546479323203,1329.3892960512883,1102.1157506655518,1110.3757463856227
31,1180.4020723194737,845.7872503030509,1287.7807327975036,1241.237908292483,1234.6654672292855,304.6481265648547,1144.9587668780753,1054.0018929827274,764.2978736871006,1224.9218827103812,1114.735492717511,1144.412842123507,139.39492257648715,1389.232926808177,955.7253703539893,1239.6997314207572,1287.4028369316347,270.6345133346933,1379.1805760647321,1019.7804301199108,1239.6997314207572,1159.0561995715682,1230.1320181324163,1478.4934577162676,909.1191267950203,1438.8405471682736,1234.6654672292855,1416.4763275868036,1215.086880623853,1216.1777253125774
32,1268.7676061730494,901.6146108014659,1322.5361687274217,1293.9096304940226,1318.8724556050552,371.6404639067256,1178.865652344729,1086.0148044232865,867.980570297646,1263.9787914533497,1182.6203844992067,1247.9288371591167,159.97781023571352,1432.1798259102675,985.5858163083416,1324.3128350182922,1350.7496932921636,310.4858944790711,1424.9222750984216,1071.1047606494633,1324.3128350182922,1204.4951896641305,1282.4689504998182,1539.886107184924,995.627913843524,1529.9485075149921,1318.8724556050552,1476.2525141967758,1311.5592645244133,1332.4082847220573
33,1305.4840217937465,913.9575672226297,1314.328709942328,1309.6220624127488,1360.277808253967,457.3373121565461,1188.2408723333363,1096.5732412386894,955.6370440582043,1259.6011221275246,1208.9039643159426,1333.8026837733487,177.64694454603233,1419.5678028061586,1014.6228075722231,1377.4240728270631,1376.2897039629895,333.0215421008387,1433.5375328088357,1019.2338825819229,1377.4240728270631,1223.5777303764967,1309.010266311481,1571.1410946265214,1040.4996485126712,1558.8266708094272,1360.277808253967,1477.973475256436,1319.9237676214157,1384.0173047763017
34,1307.1234591901277,899.1489734739358,1307.871679215062,1320.5027647353268,1358.1466940098219,516.6408894437151,1188.2408723333363,1094.430640663977,1023.3880611344463,1272.0931578338475,1199.997103001022,1394.315962657207,189.01329469223316,1386.8443123953587,1040.9892677541147,1421.7124156034495,1359.4614551742623,360.07160625885746,1419.214955863913,1003.5602440968444,1421.7124156034495,1176.7376869180987,1283.3695869727476,1576.272883702466,1056.2555659370942,1506.329920268124,1358.1466940098219,1477.1234559411878,1330.987398812108,1410.5879632338972
35,1283.3037744767926,889.2150822701454,1287.5389133403185,1301.9670476891808,1330.4449300926894,560.4997623090122,1146.0990912310162,1089.3213144848548,1079.672433831915,1245.3133826910755,1196.1838467869904,1392.7538883288307,174.59682564975972,1346.1002096977595,1043.3835261083952,1389.000871120209,1341.7490952857918,423.3322653405251,1416.4030959255072,970.5733578159502,1389.000871120209,1142.7640560816535,1265.1621303359548,1579.9764825967236,1062.0292778490102,1438.5632987238403,1330.4449300926894,1468.4205663892108,1293.8592660091351,1376.023703328049
36,1274.0188055435685,862.9594383122582,1267.9999593446878,1280.7222782700942,1302.710472922147,614.0139578827724,1122.7470097268597,1074.8816128345927,1082.6293400819263,1210.967893803384,1185.8150793851648,1350.1792289802395,199.1244262108083,1309.893067773408,1033.6893426450283,1365.6825023342158,1314.0464963990964,407.95511752866446,1370.5903016911095,946.2131025598819,1365.6825023342158,1097.7319351524002,1245.0990677075501,1556.8797567008503,1058.0566608205618,1374.3176153105683,1302.710472922147,1446.6267166271653,1242.964313992414,1347.5527198955635
37,1242.2839491643008,835.5264986351912,1247.36037415541,1239.572250478741,1253.1596910426981,624.2422081146628,1100.0280165278673,1058.2993106096174,1129.1316707364597,1205.7485708394997,1173.0996480789836,1294.5306280149862,226.1733617509641,1277.74393578458,1016.4857486353361,1304.026218925356,1266.6136647569206,398.6216664731903,1331.4363134638684,918.1852480196303,1304.026218925356,1024.8866618018637,1228.92759751648,1498.5385605093197,1035.4159143626237,1309.0564954465447,1253.1596910426981,1399.6876969443438,1209.3104449828277,1300.0158416914808
38,1211.070033798332,804.6515411011932,1206.4550828377435,1190.9564286588413,1187.0134247280002,633.6555942190066,1041.1369057382112,1030.9453565752115,1148.0673889333718,1147.884704611546,1167.761524449868,1268.9013451906294,209.69744582496665,1221.045542891416,1008.0146278067136,1243.744590228486,1240.7020158485595,389.4874355394692,1297.9569371891582,890.8497057976247,1243.744590228486,968.5173560872539,1198.7385309004842,1461.7263999563693,1005.2492247889934,1231.0603016801642,1187.0134247280002,1374.4276996632952,1148.1861087429277,1254.1700970652073
39,1171.7829125457308,783.1448144247755,1151.1352495910817,1156.6689809803495,1130.064625353378,647.5332072493429,1010.3517087644082,991.2360603549446,1133.6414539314442,1128.6804793907572,1155.34653106299,1215.3310421021533,193.24156464331432,1170.5183663331286,1006.3142202540098,1165.6654859222513,1212.2365085453498,395.21691116094746,1268.5922036383295,852.2136245096301,1165.6654859222513,924.4366174562266,1185.6493076348916,1363.1028001317604,941.0529742625224,1144.2124873679097,1130.064625353378,1331.357789994714,1093.0744023125037,1189.717702836823
40,1142.5018895346584,744.9218782774044,1099.6381736615353,1097.0804048032644,1073.5374605158515,636.54486646379,981.8651218273108,938.8229098435909,1121.6537743787671,1056.1669984091834,1138.1556892746216,1152.0380616010373,184.3884420841863,1089.023606425267,967.6220264970518,1081.363180453733,1171.029351035424,362.5447593238182,1205.8295363467093,832.5455680214716,1081.363180453733,860.6503741452201,1186.1740668290074,1287.7033952885836,901.3234743777117,1112.841427635497,1073.5374605158515,1283.2355565310609,1043.5243360593668,1135.9596379270179
41,1112.3037013915343,708.9648036855048,1075.218638520939,1041.576704195622,998.3138839508064,581.8724322017368,952.8277108986761,902.1091044880447,1158.894015992281,945.1256643536598,1116.627917669118,1114.0527566173273,167.71543166268313,1049.6296222760307,903.1409601287322,995.9017776674351,1123.2106101891302,361.0879770818833,1157.0127129140922,812.6829641966847,995.9017776674351,788.8075351517994,1183.8179796889285,1235.1438655730665,839.796875073795,1076.0971781582675,998.3138839508064,1216.9278345845653,976.5818566210621,1069.2706712846273
42,1077.2288897285066,684.7465478905435,1038.4491912301135,986.3879320834602,981.2877893451525,554.8987842550113,939.5090443156438,889.9301860492717,1124.334779374544,868.1861663792391,1090.1875404024904,1058.371960058556,157.20720233353438,981.1096829517722,833.8007494502525,954.0086129822462,1067.2320673342465,374.2786560123884,1094.3536252737292,776.637983052641,954.0086129822462,698.2234064540914,1170.8286303279558,1141.5901899308656,838.1565987569023,1076.2214112788306,981.2877893451525,1112.835809492777,937.0381710442362,978.3697144725215
43,1034.608975055809,635.295532631756,1002.6576715824751,909.2144804842333,926.78412558707,514.8771397314054,930.1828552080314,860.4643351745594,1095.9355855147107,766.9050737785051,1041.289181121047,995.5253059010769,155.8316927008311,928.5176157999746,760.8385514109164,895.4777487503021,1007.5254454068063,373.9165619619154,1039.1110470253466,717.783227148753,895.4777487503021,584.1337307379174,1173.5991278675654,1009.3381514853668,815.7404848373683,1050.646863313126,926.78412558707,1055.1514391088624,889.3267124265967,957.3505913118287
44,992.6287229399327,630.051095576856,939.200798867306,886.1490495954813,861.7374277775668,491.5097979764421,913.397476015838,850.4772551855026,1038.4052188266046,649.8542446090358,1005.8829476931531,871.8430274437907,149.94198126405817,893.3668117484477,689.5751356691718,818.5834239542161,960.6285582361651,366.6201363763233,973.730886262138,694.9142022898626,818.5834239542161,507.4404157685665,1146.2555948744032,933.0530661281483,778.06591899726,992.0124449299233,861.7374277775668,961.7881844229698,798.568414978458,876.8118142949107
45,973.7378357428637,606.9580271113055,897.5609223516442,851.0373129640768,845.7786314389718,456.95419386240746,864.8622118626982,807.8788469940239,982.1128577229975,568.808722392916,955.3879681755573,773.9331694338856,149.94198126405817,851.3288719931351,619.4214705546481,772.0430199943909,925.8170814460784,365.88288614765577,883.9871611315131,639.9159511084955,772.0430199943909,443.3329033189416,1135.4490247651604,883.8361663777355,756.0703890339755,967.5504855744462,845.7786314389718,900.8290669910851,740.2753795130453,822.5485638798243
46,977.776763069549,597.6697923926275,826.3356804685612,789.6508027342531,827.8032362043444,423.586971142894,807.3579993805761,796.8660193699698,961.014234557413,480.8892262926256,908.1906960805318,726.1995992862678,149.94198126405817,778.7066822420219,587.4811637382815,712.6454036501717,887.5345834185315,364.89464777864254,813.6261006990416,592.0743808203733,712.6454036501717,355.1898488422181,1092.551498073524,835.7024337131945,750.5885833988036,929.1390464287755,827.8032362043444,854.3359511998553,679.6875679945861,782.6721210341638
47,1006.8020183796748,616.0485666824467,778.4851868078215,752.378950824107,785.944390465527,414.8453972988898,774.1139960865981,786.4900123536743,904.3471488534991,389.9872218836892,858.4726596073092,644.5533393066489,149.94198126405817,738.4205692677378,558.1232368514543,657.5390431343186,826.9243373761228,341.0566919299996,757.7861889723306,528.4654523896019,657.5390431343186,268.4072822681365,1071.1516970153507,773.9043052168354,738.3467130727812,946.1281193254961,785.944390465527,795.8854181088819,637.693330517011,739.6522937412298
48,960.9142303554909,611.5342841877408,687.4597208719448,714.4940449117656,825.7568173558708,389.56868829349884,725.9556595258882,770.8320744413736,880.5096566970102,367.9382691781188,808.6503227453612,615.5256587023923,149.94198126405817,670.5707974880557,537.003316031163,597.9352150451028,804.0099159723756,297.29807844249547,699.4693135240942,480.3120360945372,597.9352150451028,231.18104307238355,1018.1166588132292,760.3941551334085,753.4994195573452,923.2698046355895,825.7568173558708,770.3396729848159,610.5951056287169,746.876630342027
49,918.9804291239998,614.7474823178937,574.9907774899897,675.3304136326199,839.8829220959841,393.7551902393898,702.0698807420338,754.9194321251216,859.4093072940626,309.12811697447984,793.4985650882038,582.549298381472,146.79026685076587,571.1427323149558,518.4500417358762,569.6938947144371,771.0455118134224,264.88511485018716,689.0207904223713,413.74631220141396,569.6938947144371,184.76778472778702,985.7187828026009,697.9601758701988,762.9409066446482,871.2734154488862,839.8829220959841,748.2751249041063,566.8034315222391,728.4832644170923
50,859.5476458385202,626.04133002895,490.9372561529464,670.5223027551627,820.0906383067938,401.9390171524441,631.3783550735362,720.5800435969104,830.5128871716955,278.5024812005255,768.2888475666113,567.5013616437169,143.63855243747358,561.8050714089995,505.0441614837437,545.3294706558073,741.4334603248132,253.93688688766755,672.7345031249683,385.61483241463975,545.3294706558073,167.9009797226377,940.2358517057451,637.5034323055454,749.0789039616982,873.0557474304692,820.0906383067938,733.390185406333,562.8181132697265,681.927215536611
51,827.6838292264017,618.3163103395242,405.03907350927733,663.7073880449603,824.2070931773786,417.43289046198475,583.5854903107593,677.546473717247,795.5223115097576,246.26538785894468,703.9439167967478,609.8174985774573,143.6989582706837,503.5287329110442,484.72156640096233,489.9840050081294,734.5889699949801,222.30377806762343,669.6287991404993,349.2707706193563,489.9840050081294,163.95115411047297,876.3214335308866,592.7997705420471,708.9554859267585,866.2329508735592,824.2070931773786,722.3466513476363,529.2348643045904,696.0969209378572
52,794.5813923839339,619.6760436371908,354.7701878834883,635.9003902097181,806.4780377567228,425.6277243717427,549.9346581469092,627.026292251931,734.2330441747655,200.01074687057664,650.8642281205056,604.1588250981142,132.13035165186113,463.8816902125715,464.4575245522503,459.4928494575185,709.4966923191391,150.91142780859306,640.9530269341228,328.84200342745834,459.4928494575185,148.4109253017546,790.9705347900513,517.7783571481591,684.6066398301698,867.8421715333186,806.4780377567228,724.8458928157365,514.3482512252458,660.7978496206593
53,776.1848556118163,603.5569288822978,316.21559498780476,619.5065062251065,838.5880846756984,413.98427588296363,507.09047570655247,578.7275776662896,700.6977270341154,189.76516252817504,608.6788064789613,582.9026240442835,129.0852840531895,455.60390914988517,451.80614182437193,429.3601303902872,691.0352951564181,123.29192175015714,627.7208819959762,302.33426903080556,429.3601303902872,166.19841082516538,762.918247673927,442.0038971841463,699.5611814125506,863.0467823940168,838.5880846756984,708.2921577731182,485.2980728688153,621.0200804860357
54,754.4115896028545,585.6421869216298,289.7859853147183,589.2715332788875,796.8621626978378,391.54502613812963,476.3249662065082,524.5184991374647,712.550945394756,167.33224150547494,570.2062293285707,563.3737214225058,126.31221704325108,434.68092069251674,464.36664274798136,402.2740582136918,710.9034457495094,120.29553151542548,623.9764619057144,274.08870980651164,402.2740582136918,166.59500496400253,751.6740641151729,406.1844405227175,706.1554258350708,800.886641479976,796.8621626978378,703.8454032564449,492.06770460578343,581.0093118939146
55,747.4562231794284,559.3406422314072,228.35482998332688,524.7446933365846,732.4580197350876,376.9088476854569,440.2738407309956,505.942905206777,646.89217051217,163.21480366731222,518.5867852633901,552.09953827619,120.14751116089813,417.0815613061402,477.42227472753007,403.1401556413518,693.7784211469454,114.29257650904752,627.7977075921968,261.69709760411286,403.1401556413518,178.86088426411283,708.3699864205544,327.8197208268197,715.4687538995528,753.4244180728174,732.4580197350876,677.6774271160382,486.40187695787404,559.7077876420537
56,735.6480476398763,539.8063471010445,210.12430449520832,467.58528634223285,715.2553150114069,386.4300016178288,389.88398615302305,459.0409068312064,601.5009030654695,158.15606415051238,469.53611240908197,573.51149494072,105.27079199357648,410.83028654227996,472.492837806853,383.5314674517768,660.9054173067848,104.6314230595208,562.1873895415455,235.80979164971816,383.5314674517768,190.8536294703228,670.2474075163749,312.1074445610199,715.0613674496799,707.7464712455474,715.2553150114069,660.1189364643477,471.28916600333946,515.3039369611016
57,717.5009227671219,513.6535636082417,181.49645915809467,436.8897622935438,651.0031964101905,384.22149543216085,391.01848214073203,428.60889963249787,555.2971505601856,148.87635723639363,443.96689679255724,565.3304513556182,91.07770217370447,413.39494611047905,458.3303039461813,334.38427293453293,611.5237333094491,104.49471283915274,511.8783799918758,229.75899134299772,334.38427293453293,206.8835880023224,621.4075097171175,319.48459812108683,706.3124538362364,631.9415065777192,651.0031964101905,649.8721872373534,490.30034552173527,507.76377169680467
58,697.114437607819,525.475309947718,180.05810961644022,412.9237864382361,618.4893130813666,383.0564930152068,376.39769526194243,388.360655941974,547.0075011681021,142.7556782744325,384.6567739273988,541.2057729233804,71.55211962781816,399.5472164503677,476.93490892249605,336.62349027693045,574.9524843716054,118.08714594778783,490.9499991804297,202.8984747606085,336.62349027693045,215.17520400146645,591.4396732966597,320.4358331952951,641.7970064320137,600.4571241168538,618.4893130813666,658.1394637474682,478.6215541432644,521.1310105098117
59,693.8910661876625,493.6845453532761,194.1073479735304,412.72290958298237,590.6402416644612,392.980961888606,331.0539481390241,383.56046917641015,563.2431712637377,149.30323018419924,331.4410730285775,532.5394953867105,60.58996655801161,399.0746184769503,503.98040056105947,312.76181822079656,567.0072707333101,130.19979676570512,500.8284029058981,190.1718655424587,312.76181822079656,242.11194099591268,568.8011117425963,330.84680818024134,607.6993126207735,572.8960757654752,590.6402416644612,681.9821076146409,504.87835274844576,538.7245878394546
60,694.5090682816027,467.05375619533135,170.35335435439666,396.9395214095452,556.0168628232407,394.6166819854811,321.1426621365094,380.40535543827605,537.3461335292164,142.5284952018671,249.08042150608847,513.4781378503926,60.58996655801161,375.2193538652928,483.2948365865222,291.79888704259656,519.3170519205194,127.5071602865521,456.94284120410265,185.0043395623914,291.79888704259656,246.42758016695385,556.7112599018606,336.12285643714597,538.6021418074264,564.7504948824824,556.0168628232407,710.0609790836423,491.0112493667344,535.8500179521744
61,678.6138350399949,452.4855917926695,185.15068929122592,398.782256283386,504.031722814534,389.8243673718396,318.48148236851716,377.94936593272405,525.5240009355579,142.47097796190513,247.7857905035003,506.09444843260746,51.94301075801647,348.0420639535066,447.0823497098259,297.0163059584527,470.40041755972186,116.30713393532827,441.5656112412491,154.54175140831703,297.0163059584527,239.10926864492026,542.6466355047493,342.15976638367584,471.9662626997264,527.7559639898947,504.031722814534,770.6132271589963,491.26376237047833,522.9411300171097
62,690.6695897292602,440.6214013553183,210.42108444407395,383.10347546909725,444.01588608142583,372.44668433933526,299.27750809736233,355.1142523955287,505.6630232757665,144.143067937047,205.70847031735528,456.95952928143225,48.77713149292461,354.50486896345683,366.6279710788945,268.6678051275944,482.1398288643842,114.4920196834704,412.9591395488159,133.2433697361557,268.6678051275944,215.33525543426592,557.3410523289846,343.03218894461116,396.7615592769188,479.36000820406946,444.01588608142583,809.5155430911337,550.0705624433099,489.4164619264412
63,696.7576315080485,418.45768242466477,200.31134488097697,407.5279947172122,393.08253192821616,362.63043379392894,261.7517555363917,317.62229141307813,506.9312014113405,143.60057383590237,177.31113409384795,418.93893780647966,45.61125222783275,352.44361646457236,315.3886249952833,282.17765101219686,469.3965705930888,107.89854315204639,397.08572896324347,141.52793007812198,282.17765101219686,194.47103009169055,536.6223538385817,337.14234030301645,326.05397009558726,417.28974281509346,393.08253192821616,841.3629464234932,558.5937532653088,398.4327340328363
64,679.5068720427382,374.81198656724706,215.30695454851931,403.1104293212085,292.93309070899744,296.8842590022683,266.70412367469265,290.8279456813004,497.87020939378823,129.9823530513379,167.2133995856545,400.28380096402424,42.44537296274089,334.68392486191755,280.86116190577957,307.1736924704738,476.647650509783,93.01328945507989,398.456365730008,140.506337707535,307.1736924704738,188.10378886518376,539.1536568230572,329.8473426059883,278.3567312300479,379.6732079646911,292.93309070899744,874.2237952416492,554.8275234909462,349.8350601000015
65,645.4876154066366,360.91606137939084,213.0688378080997,431.181505436412,255.04123297199035,212.69490644771378,201.35004109949682,271.9626751020627,459.6209795972465,102.35826160171892,169.10843860937854,324.9023490592706,33.416969354601605,331.70170627247666,244.80802721603442,319.376542541526,434.9882394572826,73.67518712443803,349.76699707652193,140.77510697262,319.376542541526,187.48048671530557,554.1935139966583,315.11286484775076,225.39913093956764,378.3969671063503,255.04123297199035,855.5540128606219,548.1240764996078,270.51718117066696
66,586.9745943081789,351.76675698919905,200.78244632282343,412.60363716926946,200.38373228079837,177.25198892913468,181.71032446381778,195.25044125251048,435.0926965682811,86.59394045868592,179.62601145704187,312.70753221764863,30.251090089509738,287.41213584757014,234.7415731298105,322.53373067861367,394.5542190946009,55.67392525047787,317.21824014072274,120.61741417887646,322.53373067861367,183.27100927139887,534.6871952783927,282.8252258239374,173.06665161602982,386.70985148749736,200.38373228079837,830.7364918880202,522.24899704838,245.60797671822343
67,529.5760035055076,303.1899905447676,184.43029764493986,374.1257510976221,144.3345158516323,123.02254718986075,171.87851440669675,156.3050520104913,402.8802464382378,72.79044927691578,194.88326067384975,301.440219869291,27.085210824417874,281.79697583964855,184.63616867682583,320.00626785873663,402.12243901062516,48.718988541617115,273.59061705547515,126.93181245057553,320.00626785873663,169.26463062469912,516.4591677572269,273.30159084924907,146.581759965478,373.07410741184304,144.3345158516323,741.7214479969273,479.5979738681312,212.4968939978925
68,501.0512259684933,258.952648433476,158.8507090469392,352.9615987331636,114.59218497223746,85.98664389673306,145.36144561900454,139.60642412750846,379.17417123461894,60.03188353986398,174.30137235798583,243.72494672381947,13.542605412208935,236.84360004630202,167.57754341270757,305.44921688607667,376.9010791986033,35.35024241997023,243.4502689374985,113.7388971935857,305.44921688607667,130.70313624981137,444.49772933316945,252.77432847266488,130.0175140269827,381.53981894123115,114.59218497223746,629.5600956141906,427.1317450982309,195.47826524559926
69,459.2195999437207,226.52083003418218,139.0274752284732,296.0001919104243,99.62870478646646,38.85951654884342,131.58420798553956,110.45359942013138,347.58297869300736,53.48433163009726,192.11801121377175,232.19646978361573,9.02840360813929,203.00635235319132,143.99981620014464,295.10606882879557,358.80757902186787,35.35024241997023,199.516400201134,102.06226886093894,295.10606882879557,113.90304572366848,351.3099534341158,210.66135336268232,117.6121147090583,366.0162655626462,99.62870478646646,485.83657786023866,333.01836127114547,172.064706826326
70,410.2217442818835,205.80422515593662,119.20424141000728,227.53689998251065,70.36434746799179,13.494589948427548,121.31017382937426,105.98898104863004,280.3525567536313,49.74756538923042,192.11801121377175,238.34665097947254,4.514201804069645,165.40249494481588,123.96335970116564,263.8037481708749,332.56280407172073,10.337029154942725,203.07495238702208,88.78911811740974,263.8037481708749,87.78365457623399,304.2389582599555,193.95800011842053,94.91838755683199,308.3430122583707,70.36434746799179,428.40580551001455,285.76703307503476,127.80204215506677
71,347.88704909975047,178.00507198622404,94.78439323142194,205.84960844712862,52.941334899456415,6.747294974213774,100.51542846884126,110.71049211866189,211.25569926670167,46.802895670459975,179.21471036184857,230.69102059591978,0.0,110.47259158293446,101.45163793387682,202.98623580009334,293.686610425631,9.306760133652082,192.73949432843145,76.23074198309787,202.98623580009334,55.56352318261034,230.22831778328413,170.83660583921588,84.1892711792828,255.46462945269747,52.941334899456415,307.5731649873979,229.16990803245722,102.33928999691051
72,282.416637854889,183.15084931062867,69.50243497782111,165.68467058077093,28.198819775036227,0.0,80.08576978616179,93.4030749570712,170.9902303379418,33.70779185092652,151.92166652193572,224.04993303325,0.0,76.65213643348302,82.93229698565214,149.45904263680754,256.33294198732614,9.306760133652082,174.98420491776838,62.579494838509206,149.45904263680754,26.217334606915617,151.7426397574742,136.49584719202278,72.28723409982871,213.51710614583556,28.198819775036227,208.08750911321332,164.88184275003732,74.52639521574537
73,225.71628586085708,174.476503251148,45.120823926249244,135.13688681747618,7.108946423993848,0.0,68.46708872888371,76.09565779548052,164.56450958104202,27.160239941159798,128.83019361736837,199.35833621118337,0.0,33.33786391107421,70.4821809763714,108.58351625966569,224.26841775237327,7.246222091070797,145.53643353093787,65.88956059470546,108.58351625966569,19.329718917184458,120.07369690611368,115.66018665743196,66.34720562508483,154.9734744466455,7.108946423993848,151.05222043832822,114.50555981580546,47.8868614613907
74,143.54547161760414,173.31842515112805,30.235311383584282,101.21471570609252,7.108946423993848,0.0,53.27806570520671,51.855207460000706,114.75549141545814,17.668018312622632,98.73944340510388,174.94492265978027,0.0,20.98549135607704,45.322477357054225,101.08048548555512,178.80896683790567,7.246222091070797,133.2458920036876,50.65240888227505,101.08048548555512,0.0,84.68289282894695,115.66018665743196,37.39025447649634,122.53096244756955,7.108946423993848,117.59549671937259,89.0132345261407,34.61013480395338
75,117.48707098371337,134.92760684685197,17.561100996037272,94.15588539359464,0.0,0.0,32.37268147049334,45.7216563062331,71.64061346194957,11.778678875081754,69.97741698303093,150.53150910837718,0.0,10.612727272727273,7.453186127700637,81.54784875848328,149.08139772073315,5.185684048489513,132.42183866623554,40.607065809204116,81.54784875848328,0.0,74.37698723932728,105.13297817368856,34.12905031171589,100.40531198040807,0.0,98.10745268838338,73.92080378002649,41.531245700881854
76,92.79699770029352,127.21136685611995,0.0,85.91249396562375,0.0,0.0,24.35504107089223,26.932650675435028,56.09149427480084,8.834009156311316,35.19387033584648,132.25266445366395,0.0,21.225454545454546,7.314806624514267,81.60792479710183,129.59828708467447,5.185684048489513,128.32101261096273,35.6254487644783,81.60792479710183,0.0,58.39134234715784,98.06514098294633,19.73392448616064,72.27965727338665,0.0,54.35819840343825,82.39577667731263,37.92712605391335
77,82.47652191439717,107.24409074847452,0.0,63.376811682927695,0.0,0.0,12.887743835112257,15.63248692291984,43.050757423713065,0.0,25.924707025345228,113.08836068178913,0.0,31.838181818181823,6.899668114955156,51.03005379191585,97.26463026174105,5.185684048489513,103.3518789955909,18.16777131995795,51.03005379191585,10.167434944237918,51.521036564044856,80.51571851160624,16.472720321380194,43.3605030390726,0.0,49.935228106408545,73.83458971413647,31.04572483675437
78,77.316284021449,87.58662170917503,0.0,58.94878988106812,0.0,0.0,12.887743835112257,6.730769230769231,32.082236509525906,0.0,0.0,108.67582129598766,0.0,31.838181818181823,0.2767590063727402,47.67874422366005,80.3377032972574,5.185684048489513,96.97043666091686,3.714426390940424,47.67874422366005,13.556579925650558,44.651177695882055,66.52913873486165,9.950311991819305,30.136496975543352,0.0,41.16936229324113,84.26004936752685,34.49966200525702
79,74.94395388331024,62.277549599894996,0.0,41.038916036930736,0.0,0.0,12.887743835112257,10.096153846153847,30.594297449009613,0.0,0.0,112.87564015511052,0.0,35.37575757575758,0.1383795031863701,34.08159435971106,42.144816727355774,5.185684048489513,80.95680888695688,3.714426390940424,34.08159435971106,13.556579925650558,41.216471719275745,52.7965719119734,3.261204164780444,30.136496975543352,0.0,34.737783909651604,66.43999883995575,24.177560179518565
80,77.73186163811965,52.67244552174366,0.0,18.503233754234678,0.0,0.0,0.0,20.192307692307693,29.047967842786957,3.418467583497053,0.0,125.24709245332235,0.0,49.52606060606062,0.0,23.87969924812029,34.883900961088415,5.185684048489513,55.987675271585005,0.0,23.87969924812029,23.724014869888475,34.347059766063126,27.113583087255744,6.607656669105096,13.22400606352925,0.0,19.41753743183162,49.745276898569564,24.177560179518565
81,83.30767714773849,30.58212453284348,0.0,9.251616877117339,0.0,0.0,13.228836374513907,26.923076923076927,26.973112996873603,10.25540275049116,13.005365249690467,143.55457660863303,0.0,49.52606060606062,0.0,30.70247046186894,38.03344791671,5.185684048489513,46.35548983229906,0.0,30.70247046186894,27.113159851301113,20.608235859637876,23.848139495353177,26.430626676420385,6.612003031764625,0.0,12.86315676717905,56.86978126018733,24.177560179518565
82,88.88349265735732,21.407487172990436,0.0,3.464214559386973,0.0,0.0,23.150463655399335,30.288461538461544,18.673693613220188,13.673870333988212,16.256706562113084,143.55457660863303,0.0,42.4509090909091,0.0,30.70247046186894,37.79115454359662,5.185684048489513,35.157954777982056,0.0,30.70247046186894,37.28059479553903,6.869411953212626,31.33275618751703,26.430626676420385,0.0,0.0,6.431578383589525,49.87153053132436,24.177560179518565
83,88.88349265735732,15.29106226642174,0.0,10.392643678160919,0.0,0.0,23.150463655399335,30.288461538461544,14.523983921393478,23.929273084479377,19.508047874535702,143.55457660863303,0.0,38.91333333333334,0.0,30.70247046186894,37.552536989197904,5.185684048489513,0.0,0.0,30.70247046186894,47.448029739776956,3.434705976606313,26.196158422573504,33.03828334552548,0.0,0.0,0.0,60.037766539533294,24.177560179518565
84,94.45930816697614,6.116424906568696,0.0,13.856858237547891,0.0,0.0,33.072090936284766,30.288461538461544,10.37427422956677,30.766208251473486,32.51341312422617,143.55457660863303,0.0,28.300606060606064,0.0,30.70247046186894,47.60760829723796,5.185684048489513,0.0,0.0,30.70247046186894,47.448029739776956,0.0,26.196158422573504,33.03828334552548,0.0,0.0,0.0,48.90532112523831,24.177560179518565
85,102.82303143140437,0.0,0.0,20.785287356321838,0.0,0.0,33.072090936284766,30.288461538461544,4.1497096918267085,41.02161100196465,39.016095749071404,143.55457660863303,0.0,17.687878787878788,0.0,23.87969924812029,54.391288954707875,5.185684048489513,6.911931383060193,0.0,23.87969924812029,37.28059479553903,0.0,26.196158422573504,33.03828334552548,0.0,0.0,0.0,56.25101937167627,24.177560179518565
86,102.82303143140437,0.0,0.0,31.17793103448276,0.0,0.0,42.993718217170205,26.923076923076927,2.0748548459133542,47.85854616895876,42.26743706149402,130.1838764091918,0.0,17.687878787878788,0.0,20.468313641245963,75.1078620119633,5.185684048489513,10.36789707459029,0.0,20.468313641245963,33.89144981412639,0.0,26.196158422573504,33.03828334552548,0.0,0.0,0.0,42.002010648440745,24.177560179518565
87,102.82303143140437,16.016166281755194,0.0,38.10636015325671,0.0,0.0,46.300927310798684,23.55769230769231,0.0,47.85854616895876,45.51877837391664,120.14728699692265,0.0,14.15030303030303,0.0,17.056928034371637,82.01338636438179,5.185684048489513,24.191759840710677,0.0,17.056928034371637,33.89144981412639,0.0,26.196158422573504,33.03828334552548,0.0,0.0,3.4090840500980835,62.40931432720799,20.723623011015913
88,102.82303143140437,22.422632794457268,0.0,38.10636015325671,0.0,0.0,46.300927310798684,20.192307692307693,0.0,47.85854616895876,32.51341312422617,110.1449546354066,0.0,0.0,0.0,10.234156820622983,71.83786537817691,5.185684048489513,34.55965691530097,0.0,10.234156820622983,23.724014869888475,0.0,26.196158422573504,33.03828334552548,0.0,0.0,10.22725215029425,69.45898702647638,20.723623011015913
89,84.57311379191621,32.03233256351038,0.0,38.10636015325671,0.0,0.0,33.072090936284766,10.096153846153847,0.0,44.440078585461706,29.262071811803555,86.73766502369625,0.0,0.0,0.0,6.822771213748656,71.95970907312547,5.185684048489513,41.47158829836116,0.0,6.822771213748656,20.334869888475836,0.0,26.196158422573504,33.03828334552548,0.0,0.0,17.045420250490416,55.65566717510918,10.361811505507957
90,76.63120274221389,38.43879907621246,0.0,34.642145593869735,0.0,0.0,23.150463655399335,3.3653846153846154,0.0,37.603143418467596,26.010730499380937,55.02522361819132,0.0,0.0,0.0,0.0,65.17602841565555,5.185684048489513,48.383519681421355,0.0,0.0,10.167434944237918,0.0,26.196158422573504,26.430626676420385,0.0,0.0,34.09084050098083,48.97685168535975,3.453937168502652
91,71.05538723259507,38.43879907621246,0.0,27.713716475095787,0.0,0.0,23.150463655399335,0.0,0.0,34.18467583497054,13.005365249690467,41.620266367997004,0.0,0.0,0.0,0.0,61.7841880869206,5.185684048489513,48.383519681421355,0.0,0.0,0.0,0.0,26.196158422573504,6.607656669105096,0.0,0.0,37.49992455107891,42.29803619561032,3.453937168502652
92,44.86355854340457,38.43879907621246,0.0,24.249501915708812,0.0,0.0,13.228836374513907,0.0,0.0,23.929273084479377,6.502682624845233,23.27852516193323,0.0,0.0,0.0,0.0,55.000507429450685,5.185684048489513,48.383519681421355,0.0,0.0,7.03008927587347,0.0,26.196158422573504,6.607656669105096,0.0,0.0,37.49992455107891,42.29803619561032,0.0
93,39.709555248511656,44.84526558891454,0.0,17.321072796934864,0.0,0.0,13.228836374513907,0.0,0.0,17.092337917485267,3.2513413124226167,17.458893871449924,0.0,0.0,0.0,0.0,48.21682677198077,5.185684048489513,41.47158829836116,0.0,0.0,7.03008927587347,0.0,22.453850076491577,0.0,0.0,0.0,37.49992455107891,35.24836349634194,0.0
94,28.979736443999908,28.829099307159343,0.0,6.928429118773946,0.0,0.0,3.307209093628477,0.0,0.0,6.836935166994106,0.0,11.639262580966616,0.0,0.0,0.0,0.0,41.433146114510855,5.185684048489513,38.015622606831066,0.0,0.0,28.12035710349388,0.0,13.098079211286755,0.0,0.0,0.0,37.49992455107891,35.24836349634194,0.0
95,0.0,22.422632794457268,0.0,0.0,0.0,0.0,0.0,0.0,0.0,0.0,0.0,0.0,0.0,0.0,0.0,0.0,41.433146114510855,2.963248027708293,24.191759840710677,0.0,0.0,42.180535655240824,0.0,9.355770865204825,0.0,0.0,0.0,34.09084050098083,14.099345398536775,0.0
